,index,molecule_chembl_id,bioactivity_class,canonical_smiles,MW,LogP,NumHDonors,NumHAcceptors,standard_value_norm,pIC50
0,0,CHEMBL199572,inactive,CN(C(=O)c1ccc(-c2ccccc2)cc1)c1ccccc1C(=O)O,331.3710000000001,4.328400000000004,1.0,2.0,42600.0,4.370590400897281
1,1,CHEMBL199574,inactive,O=C(Nc1ccccc1C(=O)O)c1ccc2cc(Br)ccc2c1,370.202,4.552800000000002,2.0,2.0,142600.0,3.845880474484153
2,2,CHEMBL372561,inactive,CN(C(=O)c1ccc2cc(Br)ccc2c1)c1ccccc1C(=O)O,384.2290000000001,4.577100000000003,1.0,2.0,93400.0,4.029653123769907
3,3,CHEMBL370865,inactive,O=C(Nc1ccccc1C(=O)O)c1ccc(-c2ccccc2)cc1,317.344,4.304100000000002,2.0,2.0,153500.0,3.8138916201867947
4,4,CHEMBL199575,inactive,CN(C(=O)c1ccc2ccccc2c1)c1ccccc1C(=O)O,305.3330000000001,3.814600000000002,1.0,2.0,200000.0,3.6989700043360187
5,5,CHEMBL200536,inactive,O=C(Nc1ccccc1C(=O)O)c1ccc2ccccc2c1,291.306,3.790300000000002,2.0,2.0,200000.0,3.6989700043360187
6,6,CHEMBL218467,active,CCOC(=O)C(=CNc1ccc2sc3ccccc3c2c1)C(=O)OCC,369.4420000000002,4.476500000000003,1.0,6.0,160.0,6.795880017344075
7,7,CHEMBL973,inactive,C/C(O)=C(\C#N)C(=O)Nc1ccc(C(F)(F)F)cc1,270.21,2.99948,2.0,3.0,190100.0,3.721017883134557
8,8,CHEMBL217893,active,Cc1c(C(=O)Nc2cc(Cl)cc(Cl)c2)cccc1[N+](=O)[O-],325.15100000000007,4.462320000000003,1.0,3.0,230.0,6.638272163982407
9,9,CHEMBL217951,active,Cc1cc(Br)ccc1NC(=O)c1ccc2ccccc2c1,340.2200000000001,5.163020000000003,1.0,1.0,180.0,6.7447274948966935
10,10,CHEMBL217897,inactive,CCOC(=O)C(=CNc1cccc(-c2ccccc2)c1)C(=O)OCC,339.39100000000013,3.7756000000000025,1.0,5.0,86700.0,4.06198090252379
11,11,CHEMBL387254,inactive,CCOC(=O)/C(C#N)=C\Nc1cccc(-c2ccccc2)c1,292.338,3.736080000000002,1.0,4.0,21300.0,4.671620396561262
12,12,CHEMBL373493,inactive,CCOC(=O)C(=CNc1ccc(-c2ccccc2)cc1)C(=O)OCC,339.39100000000013,3.7756000000000025,1.0,5.0,500000.0,3.3010299956639813
13,13,CHEMBL374338,inactive,CCOC(=O)/C(C#N)=C\Nc1ccc(-c2ccccc2)cc1,292.338,3.736080000000002,1.0,4.0,500000.0,3.3010299956639813
14,14,CHEMBL219855,inactive,CCOC(=O)C(=CNc1ccc2[nH]cnc2c1)C(=O)OCC,303.3180000000001,1.9848999999999999,2.0,6.0,349100.0,3.457050151185821
15,15,CHEMBL413583,inactive,CCOC(=O)C(=CNc1ccccc1C)C(=O)OCC,277.32000000000005,2.417020000000001,1.0,5.0,345600.0,3.4614262661931443
16,16,CHEMBL219856,inactive,CCOC(=O)C(=CNc1ccc(C)cc1)C(=O)OCC,277.32000000000005,2.417020000000001,1.0,5.0,40000.0,4.3979400086720375
17,17,CHEMBL435137,inactive,CCOC(=O)C(=CNc1ccc2[nH]ncc2c1)C(=O)OCC,303.3180000000001,1.9848999999999999,2.0,6.0,27780.0,4.556267758598403
18,18,CHEMBL218703,active,CCOC(=O)/C(C#N)=C\Nc1ccc2c(c1)c1ccccc1n2CC,333.3910000000001,4.196880000000003,1.0,5.0,440.0,6.356547323513812
19,19,CHEMBL454269,inactive,Cc1cc(Nc2ccccc2Cl)n2ncnc2n1,259.7,2.82972,1.0,5.0,100000.0,4.0
20,20,CHEMBL473816,inactive,Cc1cc(Nc2ccccc2C)n2ncnc2n1,239.282,2.4847399999999995,1.0,5.0,100000.0,4.0
21,21,CHEMBL475663,inactive,Cc1cc(Nc2ccccc2C(F)(F)F)n2ncnc2n1,293.252,3.195120000000001,1.0,5.0,100000.0,4.0
22,22,CHEMBL452667,inactive,Cc1cc(Nc2ccccc2C#N)n2ncnc2n1,250.26500000000001,2.047999999999999,1.0,6.0,100000.0,4.0
23,23,CHEMBL514038,intermediate_active,Cc1cc(Nc2cccc(F)c2)n2ncnc2n1,243.245,2.3154199999999996,1.0,5.0,9200.0,5.036212172654444
24,24,CHEMBL499296,intermediate_active,Cc1cc(Nc2cccc(Cl)c2)n2ncnc2n1,259.7,2.82972,1.0,5.0,1400.0,5.853871964321762
25,25,CHEMBL475664,intermediate_active,Cc1cccc(Nc2cc(C)nc3ncnn23)c1,239.282,2.4847399999999995,1.0,5.0,4900.0,5.309803919971486
26,26,CHEMBL474842,inactive,Cc1cc(Nc2cccc(C(F)(F)F)c2)n2ncnc2n1,293.252,3.195120000000001,1.0,5.0,14000.0,4.853871964321762
27,27,CHEMBL474004,inactive,Cc1cc(Nc2ccc(F)cc2)n2ncnc2n1,243.245,2.3154199999999996,1.0,5.0,19000.0,4.721246399047171
28,28,CHEMBL452465,intermediate_active,Cc1cc(Nc2ccc(Cl)cc2)n2ncnc2n1,259.7,2.829720000000001,1.0,5.0,1600.0,5.795880017344075
29,29,CHEMBL492520,active,Cc1cc(Nc2ccc(Br)cc2)n2ncnc2n1,304.151,2.9388200000000007,1.0,5.0,780.0,6.107905397309519
30,30,CHEMBL492528,intermediate_active,Cc1ccc(Nc2cc(C)nc3ncnn23)cc1,239.28200000000004,2.4847400000000004,1.0,5.0,4200.0,5.376750709602099
31,31,CHEMBL492529,active,Cc1cc(Nc2ccc(C(F)(F)F)cc2)n2ncnc2n1,293.252,3.195120000000001,1.0,5.0,280.0,6.552841968657781
32,32,CHEMBL523669,intermediate_active,COc1ccc(Nc2cc(C)nc3ncnn23)cc1,255.281,2.18492,1.0,6.0,4600.0,5.337242168318426
33,33,CHEMBL492530,intermediate_active,Cc1cc(Nc2ccc(OC(F)(F)F)cc2)n2ncnc2n1,309.251,3.0749200000000005,1.0,6.0,1200.0,5.920818753952375
34,34,CHEMBL492336,intermediate_active,Cc1cc(Nc2ccc(OC(F)F)cc2)n2ncnc2n1,291.261,2.7777200000000004,1.0,6.0,2800.0,5.552841968657781
35,35,CHEMBL500504,intermediate_active,Cc1cc(Nc2ccc([N+](=O)[O-])cc2)n2ncnc2n1,270.252,2.0845199999999995,1.0,7.0,4300.0,5.366531544420414
36,36,CHEMBL522991,intermediate_active,Cc1cc(Nc2ccc(-c3ccccc3)cc2)n2ncnc2n1,301.35300000000007,3.843320000000003,1.0,5.0,5300.0,5.275724130399211
37,37,CHEMBL492549,intermediate_active,Cc1cc(Nc2ccc(Cc3ccccc3)cc2)n2ncnc2n1,315.38000000000005,3.767120000000002,1.0,5.0,2200.0,5.657577319177793
38,38,CHEMBL506446,inactive,Cc1cc(Nc2cccc(F)c2F)n2ncnc2n1,261.23499999999996,2.4545199999999996,1.0,5.0,39000.0,4.4089353929735005
39,39,CHEMBL451525,inactive,Cc1cc(Nc2cc(F)ccc2F)n2ncnc2n1,261.235,2.4545199999999996,1.0,5.0,50000.0,4.301029995663981
40,40,CHEMBL492550,inactive,Cc1cc(Nc2c(F)cccc2F)n2ncnc2n1,261.235,2.4545199999999996,1.0,5.0,100000.0,4.0
41,41,CHEMBL493761,inactive,Cc1cc(Nc2ccc(F)c(F)c2F)n2ncnc2n1,279.22499999999997,2.5936199999999996,1.0,5.0,29000.0,4.5376020021010435
42,42,CHEMBL451417,inactive,Cc1cc(Nc2cc(F)c(F)cc2F)n2ncnc2n1,279.225,2.5936199999999996,1.0,5.0,17000.0,4.769551078621726
43,43,CHEMBL523691,inactive,Cc1cc(Nc2c(F)cc(F)cc2F)n2ncnc2n1,279.225,2.5936199999999996,1.0,5.0,100000.0,4.0
44,44,CHEMBL508404,inactive,Cc1cc(Nc2c(F)c(F)cc(F)c2F)n2ncnc2n1,297.21500000000003,2.7327200000000005,1.0,5.0,100000.0,4.0
45,45,CHEMBL492497,inactive,Cc1cc(Nc2c(F)c(F)c(F)c(F)c2F)n2ncnc2n1,315.205,2.8718200000000005,1.0,5.0,100000.0,4.0
46,46,CHEMBL502389,inactive,Cc1ccc(Nc2cc(C)nc3ncnn23)c(F)c1,257.272,2.6238400000000004,1.0,5.0,27000.0,4.568636235841013
47,47,CHEMBL523163,intermediate_active,Cc1cc(Nc2ccc(F)c(F)c2)n2ncnc2n1,261.23499999999996,2.4545199999999996,1.0,5.0,8000.0,5.096910013008056
48,48,CHEMBL492695,intermediate_active,Cc1cc(Nc2cc(F)cc(F)c2)n2ncnc2n1,261.235,2.4545200000000005,1.0,5.0,9400.0,5.026872146400302
49,49,CHEMBL492711,inactive,Cc1cc(Nc2cc(C(F)(F)F)cc(C(F)(F)F)c2)n2ncnc2n1,361.249,4.213920000000002,1.0,5.0,100000.0,4.0
50,50,CHEMBL492712,intermediate_active,Cc1cc(Nc2ccc(F)c(C)c2)n2ncnc2n1,257.272,2.6238400000000004,1.0,5.0,4600.0,5.337242168318426
51,51,CHEMBL452392,active,Cc1cc(Nc2ccc(Cl)c(C(F)(F)F)c2)n2ncnc2n1,327.697,3.8485200000000015,1.0,5.0,800.0,6.096910013008056
52,52,CHEMBL13380,active,Cc1cc(Nc2ccc(Br)c(C(F)(F)F)c2)n2ncnc2n1,372.148,3.9576200000000012,1.0,5.0,450.0,6.346787486224656
53,53,CHEMBL437480,intermediate_active,Cc1cc(Nc2ccc(C)c(C(F)(F)F)c2)n2ncnc2n1,307.279,3.503540000000002,1.0,5.0,1550.0,5.809668301829708
54,54,CHEMBL447995,active,Cc1cc(Nc2ccc(C)c(C)c2)n2ncnc2n1,253.309,2.7931600000000003,1.0,5.0,350.0,6.455931955649724
55,55,CHEMBL522325,intermediate_active,Cc1cc(Nc2ccc(C#N)c(C(F)(F)F)c2)n2ncnc2n1,318.262,3.0668000000000006,1.0,6.0,4900.0,5.309803919971486
56,56,CHEMBL492719,active,Cc1cc(Nc2ccc(C)c(F)c2)n2ncnc2n1,257.272,2.6238400000000004,1.0,5.0,860.0,6.0655015487564325
57,57,CHEMBL492720,active,Cc1cc(Nc2ccc(C(F)(F)F)c(F)c2)n2ncnc2n1,311.24199999999996,3.334220000000001,1.0,5.0,77.0,7.113509274827518
58,58,CHEMBL444928,inactive,Cc1cc(Nc2ccccc2F)n2ncnc2n1,243.245,2.3154199999999996,1.0,5.0,100000.0,4.0
59,59,CHEMBL475813,active,Cc1cc(Nc2ccc3ccccc3c2)n2ncnc2n1,275.31500000000005,3.3295200000000014,1.0,5.0,47.0,7.327902142064283
60,60,CHEMBL475814,active,Cc1cc(Nc2ccc3cc4ccccc4cc3c2)n2ncnc2n1,325.37500000000006,4.482720000000003,1.0,5.0,56.0,7.251811972993799
61,61,CHEMBL446825,inactive,Cc1cc(Nc2ccccc2)n2ncnc2n1,225.25500000000002,2.1763199999999996,1.0,5.0,100000.0,4.0
62,62,CHEMBL449358,inactive,Cc1cc(Nc2cccc3ccccc23)n2ncnc2n1,275.31500000000005,3.3295200000000014,1.0,5.0,45000.0,4.346787486224656
63,63,CHEMBL484305,intermediate_active,Cc1cc(Nc2ccc3c(=O)cc(C)oc3c2)n2ncnc2n1,307.313,2.59114,1.0,7.0,2000.0,5.698970004336019
64,64,CHEMBL487518,active,Cc1cc(Nc2cc3ccccc3cc2O)n2ncnc2n1,291.314,3.035120000000001,2.0,6.0,330.0,6.481486060122113
65,65,CHEMBL451880,intermediate_active,Cc1cc(Nc2ccc3ncccc3c2)n2ncnc2n1,276.30300000000005,2.72452,1.0,6.0,1200.0,5.920818753952375
66,66,CHEMBL503135,intermediate_active,Cc1cc(Nc2cnc3ccccc3c2)n2ncnc2n1,276.30300000000005,2.72452,1.0,6.0,1700.0,5.769551078621726
67,67,CHEMBL487517,inactive,Cc1cc(Nc2ccc(C(N)=O)cc2)n2ncnc2n1,268.28,1.2752199999999998,2.0,6.0,200000.0,3.6989700043360187
68,68,CHEMBL486697,inactive,Cc1cc(N(Cc2ccccc2)c2ccc3ccccc3c2)n2ncnc2n1,365.4400000000001,4.9242200000000045,0.0,5.0,93000.0,4.031517051446065
69,69,CHEMBL486490,intermediate_active,Cc1cc(N(C)c2ccc3ccccc3c2)n2ncnc2n1,289.34200000000004,3.3538200000000016,0.0,5.0,3000.0,5.522878745280337
70,70,CHEMBL486489,active,Cc1nc2ncnn2c(Nc2ccc3ccccc3c2)c1C,289.34200000000004,3.637940000000002,1.0,5.0,160.0,6.795880017344075
71,71,CHEMBL484294,active,CCc1cc(Nc2ccc3ccccc3c2)n2ncnc2n1,289.34200000000004,3.5835000000000017,1.0,5.0,190.0,6.721246399047171
72,72,CHEMBL519836,active,FC(F)(F)c1cc(Nc2ccc3ccccc3c2)n2ncnc2n1,329.2850000000001,4.039900000000003,1.0,5.0,210.0,6.6777807052660805
73,73,CHEMBL1450,inactive,O=C1C(O)=C([C@H]2CC[C@H](c3ccc(Cl)cc3)CC2)C(=O)c2ccccc21,366.84400000000016,5.505100000000004,1.0,3.0,10000.0,5.0
74,74,CHEMBL567597,inactive,C[C@@H]1CC[C@H]2[C@@H](C)C(=O)O[C@@H]3O[C@]4(C)CC[C@@H]1[C@]32OO4,282.33599999999996,2.3949000000000007,0.0,5.0,10000.0,5.0
75,75,CHEMBL275638,inactive,O=c1cc(-c2ccccc2)oc2ccccc12,222.243,3.4600000000000017,0.0,2.0,10000.0,5.0
76,76,CHEMBL429023,inactive,C=C(C)[C@H]1Cc2c(ccc3c2O[C@@H]2COc4cc(OC)c(OC)cc4[C@@H]2C3=O)O1,394.4230000000001,3.7033000000000023,0.0,6.0,10000.0,5.0
77,77,CHEMBL481680,inactive,c1ccc([I+]c2ccccc2)cc1,281.116,-0.18500000000000005,0.0,0.0,10000.0,5.0
78,78,CHEMBL397686,inactive,c1ccc2c(c1)[I+]c1ccccc1-2,279.1,-0.20460000000000012,0.0,0.0,10000.0,5.0
79,79,CHEMBL224182,intermediate_active,CCCCCCCCCCCCc1cc(=O)c2ccccc2n1O,329.484,5.702200000000006,1.0,3.0,4000.0,5.3979400086720375
80,80,CHEMBL211501,inactive,CCCCCC[C@H]1C(=O)O[C@H](C)[C@H](NC(=O)c2cccc(NC=O)c2O)C(=O)O[C@@H](C)[C@@H]1OC(=O)CC(C)C,548.6330000000003,3.480400000000002,3.0,9.0,10000.0,5.0
81,81,CHEMBL483995,inactive,CCOc1cccc(-c2ccc(NC(=O)/C(C#N)=C(/C)O)cc2)c1,322.36400000000003,4.046380000000002,2.0,4.0,182400.0,3.7389751660076027
82,82,CHEMBL483994,inactive,C/C(O)=C(\C#N)C(=O)Nc1ccc(-c2ccccc2)cc1Cl,312.7560000000001,4.301080000000002,2.0,3.0,51100.0,4.291579099865287
83,83,CHEMBL484531,inactive,C/C(O)=C(\C#N)C(=O)Nc1ccc(-c2ccccc2Cl)cc1,312.75600000000003,4.3010800000000025,2.0,3.0,47400.0,4.324221658325915
84,84,CHEMBL505315,inactive,C/C(O)=C(\C#N)C(=O)Nc1ccc(-c2cccc(Cl)c2Cl)cc1,347.201,4.954480000000002,2.0,3.0,27200.0,4.565431095965801
85,85,CHEMBL520008,inactive,C/C(O)=C(\C#N)C(=O)Nc1ccc(-c2cccc(Cl)c2)c(Cl)c1,347.201,4.954480000000002,2.0,3.0,236600.0,3.6259852597080884
86,86,CHEMBL484780,inactive,C/C(O)=C(\C#N)C(=O)Nc1ccc(-c2ccccc2Cl)c(Cl)c1,347.201,4.954480000000002,2.0,3.0,165000.0,3.7825160557860937
87,87,CHEMBL484602,inactive,C/C(O)=C(\C#N)C(=O)Nc1ccc(-c2cccc(Cl)c2)cc1C(F)(F)F,380.75300000000004,5.319880000000002,2.0,3.0,57200.0,4.242603971206976
88,88,CHEMBL484595,inactive,C/C(O)=C(\C#N)C(=O)Nc1ccc(-c2cccc(Cl)c2)cc1Cl,347.201,4.954480000000002,2.0,3.0,49100.0,4.308918507877031
89,89,CHEMBL484594,inactive,C/C(O)=C(\C#N)C(=O)Nc1ccc(-c2c(Cl)cccc2Cl)cc1Cl,381.6460000000001,5.6078800000000015,2.0,3.0,10200.0,4.991399828238082
90,90,CHEMBL520999,intermediate_active,C/C(O)=C(\C#N)C(=O)Nc1ccc(-c2cccc(Cl)c2Cl)cc1Cl,381.6460000000001,5.6078800000000015,2.0,3.0,9900.0,5.00436480540245
91,91,CHEMBL483161,intermediate_active,COc1ccccc1-c1ccc(NC(=O)/C(C#N)=C(/C)O)c(Cl)c1,342.78200000000004,4.309680000000003,2.0,4.0,8600.0,5.0655015487564325
92,92,CHEMBL520306,intermediate_active,C/C(O)=C(\C#N)C(=O)Nc1ccc(-c2ccccc2Cl)cc1C(F)(F)F,380.75300000000004,5.319880000000002,2.0,3.0,6200.0,5.207608310501746
93,93,CHEMBL483552,intermediate_active,C/C(O)=C(\C#N)C(=O)Nc1ccc(-c2ccccc2Cl)cc1Cl,347.201,4.954480000000002,2.0,3.0,4000.0,5.3979400086720375
94,94,CHEMBL142996,inactive,N#C/C(C(=O)Nc1ccc(-c2ccccc2)cc1)=C(/O)C1CC1,304.3490000000001,4.037780000000002,2.0,3.0,223600.0,3.6505282007856144
95,95,CHEMBL519160,inactive,C/C(O)=C(\C#N)C(=O)Nc1ccc(-c2ccccc2)cc1,278.31100000000004,3.647680000000001,2.0,3.0,25700.0,4.590066876668706
96,96,CHEMBL141732,inactive,N#C/C(C(=O)Nc1ccc(C(F)(F)F)cc1)=C(/O)C1CC1,296.24800000000005,3.3895800000000014,2.0,3.0,92500.0,4.0338582672609675
97,97,CHEMBL973,inactive,C/C(O)=C(\C#N)C(=O)Nc1ccc(C(F)(F)F)cc1,270.21,2.99948,2.0,3.0,190100.0,3.721017883134557
98,98,CHEMBL586157,active,Cc1cc(Nc2ccc3c(c2)CCC3)n2ncnc2n1,265.31999999999994,2.66502,1.0,5.0,220.0,6.657577319177793
99,99,CHEMBL1784578,active,Cc1cc(Nc2ccc3c(c2)CCCC3)n2ncnc2n1,279.347,3.0551200000000005,1.0,5.0,64.0,7.1938200260161125
100,100,CHEMBL1784577,active,Cc1cc(Nc2cc(F)c(C(F)(F)F)c(F)c2)n2ncnc2n1,329.23199999999997,3.473320000000001,1.0,5.0,190.0,6.721246399047171
101,101,CHEMBL1784576,active,Cc1cc(Nc2ccc(C(F)(F)F)c(C(F)(F)F)c2)n2ncnc2n1,361.24899999999997,4.213920000000002,1.0,5.0,540.0,6.267606240177032
102,102,CHEMBL1784575,active,Cc1cc(Nc2ccc(Cl)c(F)c2)n2ncnc2n1,277.69,2.968820000000001,1.0,5.0,550.0,6.259637310505756
103,103,CHEMBL1784574,active,Cc1cc(Nc2ccc(C(C)(C)C)c(F)c2)n2ncnc2n1,299.353,3.6129200000000017,1.0,5.0,35.0,7.455931955649724
104,104,CHEMBL1784573,active,Cc1cc(Nc2ccc(C(C)(C)C#N)cc2)n2ncnc2n1,292.346,2.977500000000001,1.0,6.0,1000.0,6.0
105,105,CHEMBL1784572,inactive,Cc1cc(Nc2ccc(OC(C)(C)C)cc2)n2ncnc2n1,297.362,3.353620000000001,1.0,6.0,44000.0,4.356547323513812
106,106,CHEMBL1784571,inactive,Cc1cc(Nc2ccc(NC(C)(C)C)cc2)n2ncnc2n1,296.37800000000004,3.3867200000000013,2.0,6.0,50000.0,4.301029995663981
107,107,CHEMBL1784570,inactive,Cc1cc(Nc2ccc(N3CCOCC3)cc2)n2ncnc2n1,310.361,2.0129199999999994,1.0,7.0,100000.0,4.0
108,108,CHEMBL1784569,intermediate_active,Cc1cc(Nc2ccc(N3CCCC3)cc2)n2ncnc2n1,294.36199999999997,2.7765200000000005,1.0,6.0,3500.0,5.455931955649724
109,109,CHEMBL582694,active,Cc1cc(Nc2ccc(N(C)C)cc2)n2ncnc2n1,268.324,2.2423199999999994,1.0,6.0,820.0,6.086186147616283
110,110,CHEMBL1784568,intermediate_active,Cc1cc(Nc2ccc(OCc3ccccc3)cc2)n2ncnc2n1,331.379,3.755320000000001,1.0,6.0,5400.0,5.267606240177032
111,111,CHEMBL1784567,active,Cc1cc(Nc2ccc(S(F)(F)(F)(F)F)cc2)n2ncnc2n1,351.304,4.833720000000001,1.0,5.0,130.0,6.886056647693163
112,112,CHEMBL1784566,active,Cc1cc(Nc2ccc(SC(F)(F)F)cc2)n2ncnc2n1,325.319,3.7882200000000017,1.0,6.0,610.0,6.214670164989233
113,113,CHEMBL1784565,intermediate_active,Cc1cc(Nc2ccc(CC(F)(F)F)cc2)n2ncnc2n1,307.279,3.2811200000000014,1.0,5.0,2500.0,5.6020599913279625
114,114,CHEMBL1784564,intermediate_active,C#Cc1ccc(Nc2cc(C)nc3ncnn23)cc1,249.27700000000002,2.1576199999999996,1.0,5.0,1100.0,5.958607314841775
115,115,CHEMBL1784563,active,C=Cc1ccc(Nc2cc(C)nc3ncnn23)cc1,251.293,2.8193200000000003,1.0,5.0,800.0,6.096910013008056
116,116,CHEMBL1784562,active,Cc1cc(Nc2ccc(C3CC3)cc2)n2ncnc2n1,265.32,3.05372,1.0,5.0,420.0,6.376750709602099
117,117,CHEMBL1784561,active,Cc1cc(Nc2ccc(C(C)(C)C)cc2)n2ncnc2n1,281.363,3.4738200000000017,1.0,5.0,78.0,7.107905397309519
118,118,CHEMBL600255,active,Cc1cc(Nc2ccc(C(C)C)cc2)n2ncnc2n1,267.336,3.2997200000000007,1.0,5.0,220.0,6.657577319177793
119,119,CHEMBL1784560,inactive,CCCCCCCCc1ccc(Nc2cc(C)nc3ncnn23)cc1,337.47100000000006,5.079320000000004,1.0,5.0,50000.0,4.301029995663981
120,120,CHEMBL1784559,inactive,CCCCCCCc1ccc(Nc2cc(C)nc3ncnn23)cc1,323.444,4.689220000000003,1.0,5.0,24000.0,4.619788758288394
121,121,CHEMBL1784558,intermediate_active,CCCCCCc1ccc(Nc2cc(C)nc3ncnn23)cc1,309.41700000000003,4.299120000000003,1.0,5.0,4200.0,5.376750709602099
122,122,CHEMBL1784557,active,CCCCCc1ccc(Nc2cc(C)nc3ncnn23)cc1,295.39,3.9090200000000017,1.0,5.0,820.0,6.086186147616283
123,123,CHEMBL1784556,active,CCCCc1ccc(Nc2cc(C)nc3ncnn23)cc1,281.363,3.5189200000000014,1.0,5.0,280.0,6.552841968657781
124,124,CHEMBL1784555,active,CCCc1ccc(Nc2cc(C)nc3ncnn23)cc1,267.336,3.128820000000001,1.0,5.0,990.0,6.00436480540245
125,125,CHEMBL1714424,active,CCc1ccc(Nc2cc(C)nc3ncnn23)cc1,253.309,2.7387200000000007,1.0,5.0,610.0,6.214670164989233
126,126,CHEMBL1784579,intermediate_active,Cc1cc(Nc2ccc3c(c2)OCO3)n2ncnc2n1,269.26399999999995,1.9050199999999993,1.0,7.0,1600.0,5.795880017344075
127,127,CHEMBL1784580,active,Cc1cc(Nc2ccc3sccc3c2)n2ncnc2n1,281.34400000000005,3.391020000000002,1.0,6.0,90.0,7.045757490560675
128,128,CHEMBL1784581,inactive,Cc1cc(Nc2ccc3[nH]c(C(F)(F)F)nc3c2)n2ncnc2n1,333.277,3.0714200000000007,2.0,6.0,21000.0,4.6777807052660805
129,129,CHEMBL1784589,active,Cc1cc(NC2Cc3ccccc3C2)n2ncnc2n1,265.32,2.0120199999999997,1.0,5.0,500.0,6.301029995663981
130,130,CHEMBL1784593,active,Cc1cc(NC2CCc3ccccc3C2)n2ncnc2n1,279.34700000000004,2.40212,1.0,5.0,540.0,6.267606240177032
131,131,CHEMBL1784590,active,Cc1cc(NC2Cc3ccc(F)cc3C2)n2ncnc2n1,283.31,2.1511199999999997,1.0,5.0,610.0,6.214670164989233
132,132,CHEMBL1784594,active,Cc1cc(NC2CCc3cc(F)ccc3C2)n2ncnc2n1,297.33700000000005,2.54122,1.0,5.0,630.0,6.200659450546418
133,133,CHEMBL1784595,active,Cc1cc(NC2CCc3cc(Cl)ccc3C2)n2ncnc2n1,313.79200000000003,3.0555200000000005,1.0,5.0,670.0,6.173925197299173
134,134,CHEMBL1784591,intermediate_active,Cc1cc(NC2Cc3ccc(Br)cc3C2)n2ncnc2n1,344.21600000000007,2.7745200000000008,1.0,5.0,1200.0,5.920818753952375
135,135,CHEMBL1784592,intermediate_active,COc1cc2c(cc1OC)CC(Nc1cc(C)nc3ncnn13)C2,325.37200000000007,2.0292199999999996,1.0,7.0,4600.0,5.337242168318426
136,136,CHEMBL1784710,intermediate_active,CCCCCCCNc1cc(C)nc2ncnn12,247.34600000000003,2.8150200000000005,1.0,5.0,8600.0,5.0655015487564325
137,137,CHEMBL1784708,inactive,Cc1cc(NCCc2ccccc2)n2ncnc2n1,253.30900000000005,2.08732,1.0,5.0,15000.0,4.823908740944319
138,138,CHEMBL1784709,inactive,Cc1cc(NCCCc2ccccc2)n2ncnc2n1,267.33600000000007,2.4774200000000004,1.0,5.0,26000.0,4.585026652029182
139,139,CHEMBL1784588,inactive,Cc1cc(NC2CCCCCCCCCCC2)n2ncnc2n1,315.4649999999999,4.517920000000003,1.0,5.0,58000.0,4.236572006437063
140,140,CHEMBL1784582,inactive,Cc1cc(NC2CC2)n2ncnc2n1,189.222,1.0070199999999998,1.0,5.0,100000.0,4.0
141,141,CHEMBL1784583,inactive,Cc1cc(NC2CCC2)n2ncnc2n1,203.24900000000002,1.3971199999999997,1.0,5.0,100000.0,4.0
142,142,CHEMBL1784584,inactive,Cc1cc(NC2CCCC2)n2ncnc2n1,217.276,1.7872199999999998,1.0,5.0,100000.0,4.0
143,143,CHEMBL1784585,inactive,Cc1cc(NC2CCCCC2)n2ncnc2n1,231.303,2.17732,1.0,5.0,100000.0,4.0
144,144,CHEMBL1784586,inactive,Cc1cc(NC2CCCCCC2)n2ncnc2n1,245.32999999999998,2.5674200000000003,1.0,5.0,100000.0,4.0
145,145,CHEMBL1784587,inactive,Cc1cc(NC2CCCCCCC2)n2ncnc2n1,259.35699999999997,2.9575200000000006,1.0,5.0,100000.0,4.0
146,146,CHEMBL1784596,inactive,Cc1cc(NOc2ccccc2)n2ncnc2n1,241.25400000000002,1.8386199999999995,1.0,6.0,100000.0,4.0
147,147,CHEMBL1529387,inactive,Cc1cc(NCc2ccccc2)n2ncnc2n1,239.28200000000004,2.0448199999999996,1.0,5.0,100000.0,4.0
148,148,CHEMBL1784706,inactive,Cc1cc(NCc2ccc(F)cc2)n2ncnc2n1,257.272,2.1839199999999996,1.0,5.0,100000.0,4.0
149,149,CHEMBL1784707,inactive,Cc1cc(NCc2ccc(C(F)(F)F)cc2)n2ncnc2n1,307.279,3.063620000000001,1.0,5.0,100000.0,4.0
150,150,CHEMBL1784711,active,CCc1cc(Nc2ccc(C(F)(F)F)cc2)n2ncnc2n1,307.279,3.4491000000000023,1.0,5.0,780.0,6.107905397309519
151,151,CHEMBL1784712,intermediate_active,FC(F)(F)c1ccc(Nc2cc(C(F)(F)F)nc3ncnn23)cc1,347.222,3.905500000000001,1.0,5.0,1700.0,5.769551078621726
152,152,CHEMBL1784713,active,FC(F)(F)c1ccc(Nc2cc(Cl)nc3ncnn23)cc1,313.67,3.5401000000000007,1.0,5.0,170.0,6.769551078621726
153,153,CHEMBL1784714,intermediate_active,CCc1c(C)nc2ncnn2c1Nc1ccc(C(C)C)cc1,295.39000000000004,3.8621200000000027,1.0,5.0,1700.0,5.769551078621726
154,154,CHEMBL1784715,intermediate_active,CCc1c(C)nc2ncnn2c1Nc1ccc(OC(F)(F)F)cc1,337.305,3.6373200000000017,1.0,6.0,3200.0,5.494850021680094
155,155,CHEMBL1784716,inactive,CCCc1c(C)nc2ncnn2c1Nc1ccc(C)cc1,281.363,3.437240000000002,1.0,5.0,100000.0,4.0
156,156,CHEMBL1784717,intermediate_active,Cc1ccc(Nc2c3c(nc4ncnn24)CCC3)cc1F,283.31,2.804120000000001,1.0,5.0,1400.0,5.853871964321762
157,157,CHEMBL1956499,active,Cc1cc(Nc2ccc(C(F)(F)F)cc2)n2nc(CCO)nc2n1,337.30500000000006,2.7299200000000012,2.0,6.0,930.0,6.031517051446065
158,158,CHEMBL1956498,intermediate_active,Cc1cc(Nc2cccc(Cl)c2)n2nc(CO)nc2n1,289.726,2.3220199999999998,2.0,6.0,6100.0,5.214670164989233
159,159,CHEMBL1956497,intermediate_active,Cc1cc(Nc2ccc(Cl)cc2)n2nc(CO)nc2n1,289.726,2.3220200000000006,2.0,6.0,5300.0,5.275724130399211
160,160,CHEMBL1956496,inactive,Cc1cc(Nc2ccc(Cl)cc2)n2nc(CCN)nc2n1,302.769,2.3309200000000003,2.0,6.0,10000.0,5.0
161,161,CHEMBL1956495,inactive,CNCc1nc2nc(C)cc(Nc3cccc(Cl)c3)n2n1,302.769,2.5491200000000003,2.0,6.0,10000.0,5.0
162,162,CHEMBL1956494,inactive,Cc1cc(Nc2cccc(Cl)c2)n2nc(CN)nc2n1,288.742,2.2884199999999995,2.0,6.0,10000.0,5.0
163,163,CHEMBL1956493,inactive,Cc1cc(Nc2cccc(Cl)c2)n2nc(CN(C)C)nc2n1,316.79600000000005,2.8913200000000003,1.0,6.0,10000.0,5.0
164,164,CHEMBL1956492,inactive,CNCCc1nc2nc(C)cc(Nc3cccc(Cl)c3)n2n1,316.79600000000005,2.5916200000000007,2.0,6.0,10000.0,5.0
165,165,CHEMBL1956491,inactive,Cc1cc(Nc2ccc(Cl)cc2)n2nc(CN(C)C)nc2n1,316.79600000000005,2.8913200000000012,1.0,6.0,10000.0,5.0
166,166,CHEMBL1956490,inactive,CNCc1nc2nc(C)cc(Nc3ccc(Cl)cc3)n2n1,302.769,2.5491200000000003,2.0,6.0,10000.0,5.0
167,167,CHEMBL1956489,inactive,Cc1cc(Nc2ccc(Cl)cc2)n2nc(CN)nc2n1,288.742,2.2884200000000003,2.0,6.0,10000.0,5.0
168,168,CHEMBL1956488,inactive,CNCCc1nc2nc(C)cc(Nc3ccc(Cl)cc3)n2n1,316.79600000000005,2.5916200000000007,2.0,6.0,10000.0,5.0
169,169,CHEMBL1956487,inactive,Cc1cc(Nc2cccc(Cl)c2)n2[nH]c(=O)nc2n1,275.699,2.123019999999999,2.0,5.0,10000.0,5.0
170,170,CHEMBL1956486,inactive,Cc1cc(Nc2ccc(Cl)cc2)n2[nH]c(=O)nc2n1,275.699,2.12302,2.0,5.0,10000.0,5.0
171,171,CHEMBL1956485,inactive,Cc1cc(Nc2ccc(Cl)cc2)n2nc(OCCN)nc2n1,318.7680000000001,2.16722,2.0,7.0,10000.0,5.0
172,172,CHEMBL1956484,inactive,Cc1cc(Nc2ccc(C(F)(F)F)cc2)n2nc(OCCN)nc2n1,352.3200000000001,2.5326199999999996,2.0,7.0,10000.0,5.0
173,173,CHEMBL1956483,inactive,Cc1cc(Nc2cccc(Cl)c2)n2nc(OCCN)nc2n1,318.7680000000001,2.167219999999999,2.0,7.0,10000.0,5.0
174,174,CHEMBL1956482,inactive,Cc1cc(Nc2ccc(S(F)(F)(F)(F)F)cc2)n2nc(OCCN(C)C)nc2n1,438.42600000000016,4.7741200000000035,1.0,7.0,10000.0,5.0
175,175,CHEMBL1956481,inactive,Cc1cc(Nc2ccc(C(F)(F)F)cc2)n2nc(OCCN(C)C)nc2n1,380.37400000000014,3.1355200000000014,1.0,7.0,10000.0,5.0
176,176,CHEMBL1956480,inactive,Cc1cc(Nc2cccc(Cl)c2)n2nc(OCCN(C)C)nc2n1,346.8220000000001,2.7701200000000004,1.0,7.0,10000.0,5.0
177,177,CHEMBL1956479,inactive,Cc1cc(Nc2ccc(Cl)cc2)n2nc(OCCN(C)C)nc2n1,346.8220000000001,2.7701200000000012,1.0,7.0,10000.0,5.0
178,178,CHEMBL1955872,inactive,CNCCOc1nc2nc(C)cc(Nc3ccc(S(F)(F)(F)(F)F)cc3)n2n1,424.399,4.4319200000000025,2.0,7.0,10000.0,5.0
179,179,CHEMBL1956478,inactive,CNCCOc1nc2nc(C)cc(Nc3ccc(C(F)(F)F)cc3)n2n1,366.34700000000004,2.7933200000000005,2.0,7.0,10000.0,5.0
180,180,CHEMBL1956477,inactive,CNCCOc1nc2nc(C)cc(Nc3cccc(Cl)c3)n2n1,332.7950000000001,2.4279200000000003,2.0,7.0,10000.0,5.0
181,181,CHEMBL1956476,inactive,CNCCOc1nc2nc(C)cc(Nc3ccc(Cl)cc3)n2n1,332.7950000000001,2.4279200000000003,2.0,7.0,10000.0,5.0
182,182,CHEMBL1956475,intermediate_active,COCCOc1nc2nc(C)cc(Nc3cccc(Cl)c3)n2n1,333.7790000000001,2.854920000000001,1.0,7.0,4900.0,5.309803919971486
183,183,CHEMBL1956474,inactive,COCCOc1nc2nc(C)cc(Nc3ccc(Cl)cc3)n2n1,333.77900000000005,2.854920000000001,1.0,7.0,10000.0,5.0
184,184,CHEMBL1956473,active,CCOc1nc2nc(C)cc(Nc3ccc(S(F)(F)(F)(F)F)cc3)n2n1,395.357,5.232420000000002,1.0,6.0,57.0,7.2441251443275085
185,185,CHEMBL1956472,active,CCOc1nc2nc(C)cc(Nc3ccc(C(F)(F)F)cc3)n2n1,337.305,3.593820000000002,1.0,6.0,56.0,7.251811972993799
186,186,CHEMBL1956471,active,CCOc1nc2nc(C)cc(Nc3ccc(Cl)cc3)n2n1,303.75300000000004,3.2284200000000016,1.0,6.0,270.0,6.568636235841013
187,187,CHEMBL1956470,active,CCOc1nc2nc(C)cc(Nc3cccc(Cl)c3)n2n1,303.75300000000004,3.2284200000000016,1.0,6.0,400.0,6.3979400086720375
188,188,CHEMBL1956469,active,COc1nc2nc(C)cc(Nc3ccc(Cl)cc3)n2n1,289.726,2.8383200000000004,1.0,6.0,460.0,6.337242168318426
189,189,CHEMBL1956468,active,COc1nc2nc(C)cc(Nc3cccc(Cl)c3)n2n1,289.726,2.8383200000000004,1.0,6.0,500.0,6.301029995663981
190,190,CHEMBL1956467,active,Cc1cc(Nc2ccc(S(F)(F)(F)(F)F)cc2)n2nc(S(C)(=O)=O)nc2n1,429.3960000000001,4.2372200000000015,1.0,7.0,110.0,6.958607314841775
191,191,CHEMBL1956466,active,Cc1cc(Nc2ccc(C(F)(F)F)cc2)n2nc(S(C)(=O)=O)nc2n1,371.34400000000005,2.5986200000000004,1.0,7.0,90.0,7.045757490560675
192,192,CHEMBL1956305,active,Cc1cc(Nc2cccc(Cl)c2)n2nc(S(C)(=O)=O)nc2n1,337.7920000000001,2.2332199999999993,1.0,7.0,160.0,6.795880017344075
193,193,CHEMBL1956304,active,Cc1cc(Nc2ccc(Cl)cc2)n2nc(S(C)(=O)=O)nc2n1,337.7920000000001,2.23322,1.0,7.0,45.0,7.346787486224656
194,194,CHEMBL1956303,active,CSc1nc2nc(C)cc(Nc3ccc(S(F)(F)(F)(F)F)cc3)n2n1,397.398,5.555620000000002,1.0,6.0,30.0,7.522878745280337
195,195,CHEMBL1956302,active,CSc1nc2nc(C)cc(Nc3ccc(C(F)(F)F)cc3)n2n1,339.346,3.9170200000000017,1.0,6.0,36.0,7.443697499232712
196,196,CHEMBL1956301,active,CSc1nc2nc(C)cc(Nc3cccc(Cl)c3)n2n1,305.79400000000004,3.5516200000000016,1.0,6.0,26.0,7.585026652029182
197,197,CHEMBL1956300,active,CSc1nc2nc(C)cc(Nc3ccc(Cl)cc3)n2n1,305.79400000000004,3.5516200000000024,1.0,6.0,30.0,7.522878745280337
198,198,CHEMBL1956299,intermediate_active,COCCc1nc2nc(C)cc(Nc3ccc(S(F)(F)(F)(F)F)cc3)n2n1,409.384,5.0226200000000025,1.0,6.0,2500.0,5.6020599913279625
199,199,CHEMBL1956298,intermediate_active,COCCc1nc2nc(C)cc(Nc3ccc(C(F)(F)F)cc3)n2n1,351.33200000000005,3.3840200000000014,1.0,6.0,2500.0,5.6020599913279625
200,200,CHEMBL1956297,inactive,COCCc1nc2nc(C)cc(Nc3cccc(Cl)c3)n2n1,317.7800000000001,3.018620000000001,1.0,6.0,10000.0,5.0
201,201,CHEMBL1956296,inactive,COCCc1nc2nc(C)cc(Nc3ccc(Cl)cc3)n2n1,317.7800000000001,3.018620000000001,1.0,6.0,10000.0,5.0
202,202,CHEMBL1956295,active,COCc1nc2nc(C)cc(Nc3ccc(S(F)(F)(F)(F)F)cc3)n2n1,395.357,4.980120000000002,1.0,6.0,390.0,6.4089353929735005
203,203,CHEMBL1956294,active,COCc1nc2nc(C)cc(Nc3ccc(C(F)(F)F)cc3)n2n1,337.305,3.341520000000002,1.0,6.0,410.0,6.3872161432802645
204,204,CHEMBL1956293,intermediate_active,COCc1nc2nc(C)cc(Nc3cccc(Cl)c3)n2n1,303.75300000000004,2.9761200000000008,1.0,6.0,1700.0,5.769551078621726
205,205,CHEMBL1956292,intermediate_active,COCc1nc2nc(C)cc(Nc3ccc(Cl)cc3)n2n1,303.75300000000004,2.9761200000000008,1.0,6.0,2200.0,5.657577319177793
206,206,CHEMBL1956291,active,Cc1cc(Nc2ccc(S(F)(F)(F)(F)F)cc2)n2nc(C(F)(F)F)nc2n1,419.301,5.852520000000002,1.0,5.0,30.0,7.522878745280337
207,207,CHEMBL1956290,active,Cc1cc(Nc2ccc(C(F)(F)F)cc2)n2nc(C(F)(F)F)nc2n1,361.24899999999997,4.213920000000002,1.0,5.0,35.0,7.455931955649724
208,208,CHEMBL1956289,active,CCC(F)(F)c1nc2nc(C)cc(Nc3ccc(S(F)(F)(F)(F)F)cc3)n2n1,429.36499999999995,6.335520000000003,1.0,5.0,75.0,7.1249387366083
209,209,CHEMBL1956288,active,CCC(F)(F)c1nc2nc(C)cc(Nc3ccc(C(F)(F)F)cc3)n2n1,371.313,4.696920000000002,1.0,5.0,19.0,7.721246399047171
210,210,CHEMBL1956287,active,CCC(F)(F)c1nc2nc(C)cc(Nc3cccc(Cl)c3)n2n1,337.7610000000001,4.331520000000003,1.0,5.0,30.0,7.522878745280337
211,211,CHEMBL1956286,active,CCC(F)(F)c1nc2nc(C)cc(Nc3ccc(Cl)cc3)n2n1,337.761,4.331520000000003,1.0,5.0,34.0,7.468521082957745
212,212,CHEMBL1956285,active,Cc1cc(Nc2ccc(S(F)(F)(F)(F)F)cc2)n2nc(C(C)(F)F)nc2n1,415.338,5.945420000000002,1.0,5.0,33.0,7.481486060122112
213,213,CHEMBL1738786,active,Cc1cc(Nc2ccc(C(F)(F)F)cc2)n2nc(C(C)(F)F)nc2n1,357.286,4.306820000000002,1.0,5.0,38.0,7.42021640338319
214,214,CHEMBL1956284,active,Cc1cc(Nc2cccc(Cl)c2)n2nc(C(C)(F)F)nc2n1,323.73400000000004,3.9414200000000017,1.0,5.0,54.0,7.267606240177032
215,215,CHEMBL1956283,active,Cc1cc(Nc2ccc(Cl)cc2)n2nc(C(C)(F)F)nc2n1,323.73400000000004,3.9414200000000026,1.0,5.0,38.0,7.42021640338319
216,216,CHEMBL1956282,intermediate_active,Cc1cc(Nc2ccc(S(F)(F)(F)(F)F)cc2)n2nc(CC3CC3)nc2n1,405.39600000000013,5.786220000000003,1.0,5.0,5700.0,5.2441251443275085
217,217,CHEMBL1956281,intermediate_active,Cc1cc(Nc2ccc(C(F)(F)F)cc2)n2nc(CC3CC3)nc2n1,347.3440000000001,4.1476200000000025,1.0,5.0,1700.0,5.769551078621726
218,218,CHEMBL1955870,inactive,Cc1cc(Nc2cccc(Cl)c2)n2nc(CC3CC3)nc2n1,313.7920000000001,3.7822200000000015,1.0,5.0,10000.0,5.0
219,219,CHEMBL1956280,inactive,Cc1cc(Nc2ccc(Cl)cc2)n2nc(CC3CC3)nc2n1,313.7920000000001,3.7822200000000024,1.0,5.0,12000.0,4.920818753952375
220,220,CHEMBL1956279,active,Cc1cc(Nc2ccc(S(F)(F)(F)(F)F)cc2)n2nc(C3CC3)nc2n1,391.3690000000001,5.711120000000002,1.0,5.0,93.0,7.031517051446065
221,221,CHEMBL1956278,active,Cc1cc(Nc2ccc(C(F)(F)F)cc2)n2nc(C3CC3)nc2n1,333.31700000000006,4.072520000000003,1.0,5.0,140.0,6.853871964321762
222,222,CHEMBL1956277,active,Cc1cc(Nc2cccc(Cl)c2)n2nc(C3CC3)nc2n1,299.76500000000004,3.7071200000000015,1.0,5.0,820.0,6.086186147616283
223,223,CHEMBL1956276,active,Cc1cc(Nc2ccc(Cl)cc2)n2nc(C3CC3)nc2n1,299.76500000000004,3.7071200000000024,1.0,5.0,880.0,6.055517327849832
224,224,CHEMBL1956275,active,CCC(C)c1nc2nc(C)cc(Nc3ccc(S(F)(F)(F)(F)F)cc3)n2n1,407.412,6.347220000000003,1.0,5.0,330.0,6.481486060122113
225,225,CHEMBL1956274,active,CCC(C)c1nc2nc(C)cc(Nc3ccc(C(F)(F)F)cc3)n2n1,349.36,4.708620000000003,1.0,5.0,380.0,6.42021640338319
226,226,CHEMBL1956273,active,Cc1cc(Nc2ccc(S(F)(F)(F)(F)F)cc2)n2nc(C(C)(C)C)nc2n1,407.4120000000001,6.1312200000000034,1.0,5.0,550.0,6.259637310505756
227,227,CHEMBL1956272,active,Cc1cc(Nc2ccc(C(F)(F)F)cc2)n2nc(C(C)(C)C)nc2n1,349.36000000000007,4.492620000000003,1.0,5.0,460.0,6.337242168318426
228,228,CHEMBL1956271,inactive,Cc1cc(Nc2ccc(S(F)(F)(F)(F)F)cc2)n2nc(CC(C)C)nc2n1,407.4120000000001,6.032220000000003,1.0,5.0,10000.0,5.0
229,229,CHEMBL1956270,intermediate_active,Cc1cc(Nc2ccc(C(F)(F)F)cc2)n2nc(CC(C)C)nc2n1,349.36000000000007,4.393620000000003,1.0,5.0,2000.0,5.698970004336019
230,230,CHEMBL1956261,inactive,Cc1cc(Nc2cccc(Cl)c2)n2nc(CC(C)C)nc2n1,315.80800000000005,4.028220000000002,1.0,5.0,10000.0,5.0
231,231,CHEMBL1956260,inactive,Cc1cc(Nc2ccc(Cl)cc2)n2nc(CC(C)C)nc2n1,315.80800000000005,4.028220000000003,1.0,5.0,10000.0,5.0
232,232,CHEMBL1956269,active,Cc1cc(Nc2ccc(S(F)(F)(F)(F)F)cc2)n2nc(C(C)C)nc2n1,393.38500000000005,5.957120000000002,1.0,5.0,100.0,7.0
233,233,CHEMBL1956268,active,Cc1cc(Nc2ccc(C(F)(F)F)cc2)n2nc(C(C)C)nc2n1,335.333,4.318520000000003,1.0,5.0,110.0,6.958607314841775
234,234,CHEMBL1956267,active,Cc1cc(Nc2cccc(Cl)c2)n2nc(C(C)C)nc2n1,301.78100000000006,3.953120000000002,1.0,5.0,120.0,6.920818753952375
235,235,CHEMBL1956266,active,Cc1cc(Nc2ccc(Cl)cc2)n2nc(C(C)C)nc2n1,301.78100000000006,3.953120000000003,1.0,5.0,330.0,6.481486060122113
236,236,CHEMBL1956265,active,CCc1nc2nc(C)cc(Nc3ccc(S(F)(F)(F)(F)F)cc3)n2n1,379.358,5.3961200000000025,1.0,5.0,150.0,6.823908740944319
237,237,CHEMBL1956264,active,CCc1nc2nc(C)cc(Nc3ccc(C(F)(F)F)cc3)n2n1,321.306,3.757520000000002,1.0,5.0,87.0,7.060480747381382
238,238,CHEMBL1956263,active,CCc1nc2nc(C)cc(Nc3cccc(Cl)c3)n2n1,287.754,3.392120000000002,1.0,5.0,240.0,6.619788758288394
239,239,CHEMBL1956262,active,CCc1nc2nc(C)cc(Nc3ccc(Cl)cc3)n2n1,287.754,3.392120000000001,1.0,5.0,280.0,6.552841968657781
240,240,CHEMBL2012819,inactive,NC(=O)c1ccc(-n2cnc3ccccc32)s1,243.291,2.1859,1.0,4.0,30000.0,4.522878745280337
241,241,CHEMBL2012820,intermediate_active,CNC(=O)c1ccc(-n2cnc3ccccc32)s1,257.318,2.4466,1.0,4.0,1080.0,5.966576244513051
242,242,CHEMBL2012821,active,CCNC(=O)c1ccc(-n2cnc3ccccc32)s1,271.34499999999997,2.8367000000000013,1.0,4.0,140.0,6.853871964321762
243,243,CHEMBL2012822,active,CCCNC(=O)c1ccc(-n2cnc3ccccc32)s1,285.372,3.2268000000000017,1.0,4.0,700.0,6.154901959985743
244,244,CHEMBL2012823,active,CC(C)NC(=O)c1ccc(-n2cnc3ccccc32)s1,285.372,3.225200000000002,1.0,4.0,680.0,6.167491087293763
245,245,CHEMBL2012824,active,O=C(NC1CC1)c1ccc(-n2cnc3ccccc32)s1,283.356,2.9792000000000014,1.0,4.0,60.0,7.221848749616356
246,246,CHEMBL2012825,active,O=C(NC1CCC1)c1ccc(-n2cnc3ccccc32)s1,297.38300000000004,3.3693000000000026,1.0,4.0,420.0,6.376750709602099
247,247,CHEMBL2012826,inactive,CCCCNC(=O)c1ccc(-n2cnc3ccccc32)s1,299.399,3.616900000000002,1.0,4.0,28600.0,4.543633966870957
248,248,CHEMBL2012827,intermediate_active,O=C(NC1CCCC1)c1ccc(-n2cnc3ccccc32)s1,311.4100000000001,3.759400000000003,1.0,4.0,2510.0,5.600326278518962
249,249,CHEMBL2012828,inactive,CN(C)C(=O)c1ccc(-n2cnc3ccccc32)s1,271.34499999999997,2.788800000000001,0.0,4.0,30000.0,4.522878745280337
250,250,CHEMBL2012829,active,Cc1nc2ccccc2n1-c1ccc(C(=O)NC2CC2)s1,297.383,3.2876200000000013,1.0,4.0,80.0,7.096910013008056
251,251,CHEMBL2012830,active,CCc1nc2ccccc2n1-c1ccc(C(=O)NC2CC2)s1,311.4100000000001,3.5416000000000025,1.0,4.0,110.0,6.958607314841775
252,252,CHEMBL2012831,active,CCCc1nc2ccccc2n1-c1ccc(C(=O)NC2CC2)s1,325.43700000000007,3.931700000000003,1.0,4.0,180.0,6.7447274948966935
253,253,CHEMBL2012940,inactive,O=C(NC1CC1)c1ccc(-n2c(=O)[nH]c3ccccc32)s1,299.355,2.2725,2.0,4.0,30000.0,4.522878745280337
254,254,CHEMBL2012941,active,O=C(NC1CC1)c1ccc(-n2c(C(F)(F)F)nc3ccccc32)s1,351.353,3.998000000000002,1.0,4.0,570.0,6.2441251443275085
255,255,CHEMBL2012942,intermediate_active,CN(C)c1nc2ccccc2n1-c1ccc(C(=O)NC2CC2)s1,326.42500000000007,3.0452000000000012,1.0,5.0,5600.0,5.251811972993799
256,256,CHEMBL2012943,active,Cc1cccc2c1nc(C)n2-c1ccc(C(=O)NC2CC2)s1,311.4100000000001,3.596040000000002,1.0,4.0,39.0,7.4089353929735005
257,257,CHEMBL2012944,active,Cc1ccc2c(c1)nc(C)n2-c1ccc(C(=O)NC2CC2)s1,311.4100000000001,3.596040000000002,1.0,4.0,56.0,7.251811972993799
258,258,CHEMBL2012945,active,Cc1ccc2nc(C)n(-c3ccc(C(=O)NC4CC4)s3)c2c1,311.41,3.596040000000002,1.0,4.0,56.0,7.251811972993799
259,259,CHEMBL2012946,active,Cc1cccc2nc(C)n(-c3ccc(C(=O)NC4CC4)s3)c12,311.4100000000001,3.596040000000002,1.0,4.0,609.0,6.215382707367125
260,260,CHEMBL1234899,active,Cc1nc2cc(OC(F)(F)F)ccc2n1-c1ccc(C(=O)NC2CC2)s1,381.37900000000013,4.186220000000002,1.0,5.0,22.0,7.657577319177793
261,261,CHEMBL2012947,active,Cc1nc2ccc(OC(F)(F)F)cc2n1-c1ccc(C(=O)NC2CC2)s1,381.3790000000001,4.186220000000002,1.0,5.0,52.0,7.2839966563652006
262,262,CHEMBL2012948,active,Cc1nc2cc(C(F)(F)F)ccc2n1-c1ccc(C(=O)NC2CC2)s1,365.3800000000001,4.306420000000002,1.0,4.0,28.0,7.552841968657781
263,263,CHEMBL2012949,active,Cc1nc2ccc(C(F)(F)F)cc2n1-c1ccc(C(=O)NC2CC2)s1,365.3800000000001,4.306420000000002,1.0,4.0,92.0,7.036212172654444
264,264,CHEMBL2012950,active,COc1cccc2c1nc(C)n2-c1ccc(C(=O)NC2CC2)s1,327.4090000000001,3.2962200000000017,1.0,5.0,162.0,6.790484985457369
265,265,CHEMBL2012951,active,Cc1nc2c(OC(F)F)cccc2n1-c1ccc(C(=O)NC2CC2)s1,363.3890000000001,3.889020000000002,1.0,5.0,44.0,7.356547323513812
266,266,CHEMBL2012952,active,Cc1nc2c(OCCF)cccc2n1-c1ccc(C(=O)NC2CC2)s1,359.4260000000001,3.6359200000000023,1.0,5.0,28.0,7.552841968657781
267,267,CHEMBL2012953,active,Cc1nc2c(F)cccc2n1-c1ccc(C(=O)NC2CC2)s1,315.37300000000005,3.4267200000000013,1.0,4.0,34.0,7.468521082957745
268,268,CHEMBL2012954,active,Cc1nc2ccc(F)cc2n1-c1ccc(C(=O)NC2CC2)s1,315.37300000000005,3.4267200000000013,1.0,4.0,111.0,6.954677021213342
269,269,CHEMBL2012955,active,Cc1nc2c(Cl)cccc2n1-c1ccc(C(=O)NC2CC2)s1,331.82800000000003,3.9410200000000017,1.0,4.0,21.0,7.6777807052660805
270,270,CHEMBL2012956,active,Cc1nc2cc(Cl)ccc2n1-c1ccc(C(=O)NC2CC2)s1,331.82800000000003,3.9410200000000026,1.0,4.0,49.0,7.309803919971486
271,271,CHEMBL2012957,active,Cc1nc2c(Br)cccc2n1-c1ccc(C(=O)NC2CC2)s1,376.27900000000017,4.050120000000002,1.0,4.0,21.0,7.6777807052660805
272,272,CHEMBL2012958,active,Cc1nc2c(C#N)cccc2n1-c1ccc(C(=O)NC2CC2)s1,322.3930000000001,3.1593000000000018,1.0,5.0,40.0,7.3979400086720375
273,273,CHEMBL2012959,active,Cc1nc2c(N(C)C)cccc2n1-c1ccc(C(=O)NC2CC2)s1,340.45200000000006,3.353620000000002,1.0,5.0,181.0,6.7423214251308154
274,274,CHEMBL2012960,active,Cc1cc(F)c2nc(C)n(-c3ccc(C(=O)NC4CC4)s3)c2c1,329.40000000000015,3.735140000000002,1.0,4.0,32.0,7.494850021680094
275,275,CHEMBL2012961,active,Cc1cc(F)c2ncn(-c3ccc(C(=O)NC4CC4)s3)c2c1,315.3730000000001,3.4267200000000013,1.0,4.0,17.0,7.769551078621726
276,276,CHEMBL2012962,active,Cc1nc2c(Cl)cc(F)cc2n1-c1ccc(C(=O)NC2CC2)s1,349.8180000000001,4.080120000000002,1.0,4.0,25.0,7.6020599913279625
277,277,CHEMBL2012963,active,O=C(NC1CC1)c1ccc(-n2cnc3c(Cl)cc(F)cc32)s1,335.79100000000005,3.771700000000002,1.0,4.0,35.0,7.455931955649724
278,278,CHEMBL2012964,active,Cc1cc(F)c2c(c1)ncn2-c1ccc(C(=O)NC2CC2)s1,315.3730000000001,3.4267200000000013,1.0,4.0,95.0,7.022276394711152
279,279,CHEMBL2012965,active,O=C(NC1CC1)c1ccc(-n2cnc3cc(C(F)(F)F)ccc32)s1,351.353,3.998000000000002,1.0,4.0,19.0,7.721246399047171
280,280,CHEMBL2012966,active,O=C(NC1CC1)c1ccc(-n2cnc3c(F)cccc32)s1,301.346,3.1183000000000014,1.0,4.0,62.0,7.2076083105017466
281,281,CHEMBL2047243,inactive,Nc1nc2c(c(Nc3ccccc3)n1)-c1ccccc1C2,274.32700000000006,3.3736000000000015,2.0,4.0,200000.0,3.6989700043360187
282,282,CHEMBL2047246,inactive,Nc1nc2c(c(Nc3cccc(F)c3)n1)-c1ccccc1C2,292.31700000000006,3.5127000000000015,2.0,4.0,200000.0,3.6989700043360187
283,283,CHEMBL2047247,inactive,Nc1nc2c(c(Nc3ccc(Cl)cc3)n1)-c1ccccc1C2,308.77200000000005,4.027000000000001,2.0,4.0,200000.0,3.6989700043360187
284,284,CHEMBL2047248,inactive,Nc1nc2c(c(Nc3cccc(Br)c3)n1)-c1ccccc1C2,353.22300000000007,4.136100000000002,2.0,4.0,200000.0,3.6989700043360187
285,285,CHEMBL2047251,inactive,COc1cccc(Nc2nc(N)nc3c2-c2ccccc2C3)c1,304.35300000000007,3.382200000000001,2.0,5.0,200000.0,3.6989700043360187
286,286,CHEMBL2047253,inactive,Nc1nc2c(c(Nc3ccc(Cl)cc3F)n1)-c1ccccc1C2,326.76200000000006,4.166100000000002,2.0,4.0,200000.0,3.6989700043360187
287,287,CHEMBL2172226,active,Cc1cc(Nc2ccc(C(F)(F)F)cc2)n2ccnc2n1,292.264,3.8001200000000024,1.0,4.0,77.0,7.113509274827518
288,288,CHEMBL2172229,inactive,Cc1nc(Nc2n[nH]cc2C#N)c2nc[nH]c2n1,240.23000000000002,0.9996999999999998,3.0,6.0,100000.0,4.0
289,289,CHEMBL2172228,inactive,Cc1nc(Nc2ccc3ncccc3c2)c2nc[nH]c2n1,276.303,2.95312,2.0,5.0,25000.0,4.6020599913279625
290,290,CHEMBL2172227,inactive,Cc1nc(Nc2cnc3ccccc3c2)c2nc[nH]c2n1,276.30300000000005,2.95312,2.0,5.0,27000.0,4.568636235841013
291,291,CHEMBL2172230,intermediate_active,Cc1nc(Nc2ccc3cc4ccccc4cc3c2)c2nc[nH]c2n1,325.37500000000006,4.711320000000002,2.0,4.0,4800.0,5.318758762624412
292,292,CHEMBL2172231,inactive,Cc1cc(Nc2ccc3ccccc3c2)c2nncn2n1,275.315,3.3295200000000014,1.0,5.0,50000.0,4.301029995663981
293,293,CHEMBL2172232,inactive,Cc1nc(Nc2ccc3ccccc3c2)c2cn[nH]c2n1,275.31500000000005,3.5581200000000006,2.0,4.0,100000.0,4.0
294,294,CHEMBL2172233,active,Cc1nc(Nc2ccc3ccccc3c2)c2nc[nH]c2n1,275.31500000000005,3.5581200000000006,2.0,4.0,440.0,6.356547323513812
295,295,CHEMBL2172234,active,Cc1cc(Nc2ccc3ccccc3c2)n2nccc2n1,274.32700000000006,3.934520000000002,1.0,4.0,400.0,6.3979400086720375
296,296,CHEMBL2172235,intermediate_active,Cc1cc(Nc2ccc3ccccc3c2)n2ncnc2c1,274.32700000000006,3.934520000000002,1.0,4.0,4800.0,5.318758762624412
297,297,CHEMBL2172236,active,Cc1cc(Nc2ccc3ccccc3c2)n2ccnc2n1,274.32700000000006,3.9345200000000027,1.0,4.0,150.0,6.823908740944319
298,298,CHEMBL2172237,inactive,Cc1cc(NC(=O)c2ccc(C(F)(F)F)cc2)n2ncnc2n1,321.262,2.7038200000000003,1.0,5.0,100000.0,4.0
299,299,CHEMBL2172238,inactive,Cc1cc(NC(=O)c2ccccc2)n2ncnc2n1,253.26500000000004,1.6850199999999995,1.0,5.0,100000.0,4.0
300,300,CHEMBL2170881,inactive,CCOC(=O)c1c(-c2ccc3c(c2)OCO3)[nH]c2cc(OC)c(F)cc2c1=O,385.34700000000015,3.2482000000000006,1.0,6.0,30000.0,4.522878745280337
301,301,CHEMBL2170884,inactive,CCOC(=O)c1c(-c2cccc(Oc3ccccc3)c2)[nH]c2cc(OC)c(F)cc2c1=O,433.4350000000002,5.311800000000004,1.0,5.0,30000.0,4.522878745280337
302,302,CHEMBL2170887,inactive,CCOC(=O)c1c(-c2cccc(Cl)c2)[nH]c2cc(OC)c(F)cc2c1=O,375.7830000000002,4.172900000000003,1.0,4.0,30000.0,4.522878745280337
303,303,CHEMBL1093727,inactive,CCOC(=O)c1c(-c2cccc(F)c2)[nH]c2cc(OC)ccc2c1=O,341.33800000000014,3.5195000000000016,1.0,4.0,30000.0,4.522878745280337
304,304,CHEMBL973,inactive,C/C(O)=C(\C#N)C(=O)Nc1ccc(C(F)(F)F)cc1,270.21,2.99948,2.0,3.0,11390.0,4.9434762759209
305,305,CHEMBL222556,intermediate_active,O=c1cc(-c2ccc(O)c(O)c2)oc2ccccc12,254.24099999999999,2.871200000000001,2.0,4.0,9480.0,5.023191662661934
306,306,CHEMBL2178109,intermediate_active,O=C(Nc1nc2ccccc2s1)c1ccc(Cl)cc1Cl,323.20400000000006,4.855400000000001,1.0,3.0,4670.0,5.330683119433888
307,307,CHEMBL2178105,intermediate_active,O=C(Nc1nc2ccccc2s1)c1cccc(C(Cl)(Cl)Cl)c1,371.67599999999993,5.375300000000001,1.0,3.0,1930.0,5.714442690992226
308,308,CHEMBL2178108,active,CC(=O)c1sc(Nc2ccc(C)c(Cl)c2)nc1C,280.78000000000003,4.359540000000002,1.0,4.0,760.0,6.119186407719209
309,309,CHEMBL2178512,inactive,Cc1cc(NCc2ccccc2)n2nc(SCc3ccccc3)nc2n1,361.4740000000001,4.337120000000003,1.0,6.0,100000.0,4.0
310,310,CHEMBL2178511,inactive,Cc1cc(N)n2nc(SCc3ccc(Cl)c(Cl)c3)nc2n1,340.2390000000001,3.614020000000002,1.0,6.0,100000.0,4.0
311,311,CHEMBL2177862,inactive,Cc1cc(N)n2nc(SCc3ccccc3)nc2n1,271.34900000000005,2.30722,1.0,6.0,100000.0,4.0
312,312,CHEMBL2177861,inactive,CCc1cc(O)n2nc(SCc3cc(Cl)ccc3Cl)nc2n1,355.25000000000006,3.9914000000000014,1.0,6.0,100000.0,4.0
313,313,CHEMBL2177860,inactive,CCc1cc(O)n2nc(SCc3ccc(Cl)cc3)nc2n1,320.805,3.338000000000002,1.0,6.0,100000.0,4.0
314,314,CHEMBL2177859,inactive,Cc1cc(C)cc(CSc2nc3nc(C)cc(O)n3n2)c1,300.387,3.047460000000001,1.0,6.0,19000.0,4.721246399047171
315,315,CHEMBL2177858,inactive,Cc1cc(O)n2nc(SCc3cc(Cl)ccc3Cl)nc2n1,341.223,3.737420000000001,1.0,6.0,11000.0,4.958607314841775
316,316,CHEMBL2177857,intermediate_active,Cc1cc(O)n2nc(SCc3c(Cl)cccc3Cl)nc2n1,341.223,3.737420000000001,1.0,6.0,3500.0,5.455931955649724
317,317,CHEMBL2177856,intermediate_active,Cc1cc(O)n2nc(SCc3ccc(Cl)c(Cl)c3)nc2n1,341.223,3.737420000000001,1.0,6.0,1900.0,5.721246399047171
318,318,CHEMBL135703,inactive,Cc1cc(O)n2nc(SCc3ccccc3)nc2n1,272.333,2.4306199999999993,1.0,6.0,62000.0,4.207608310501746
319,319,CHEMBL2177855,inactive,Cc1cc(O)n2nc(SCc3ccccc3[N+](=O)[O-])nc2n1,317.3300000000001,2.33882,1.0,8.0,100000.0,4.0
320,320,CHEMBL2177854,inactive,COc1ccc(CSc2nc3nc(C)cc(O)n3n2)cc1,302.359,2.4392200000000006,1.0,7.0,21000.0,4.6777807052660805
321,321,CHEMBL2177853,inactive,Cc1cc(O)n2nc(SCc3ccc(Br)cc3)nc2n1,351.22900000000004,3.1931200000000013,1.0,6.0,33000.0,4.481486060122113
322,322,CHEMBL2178514,inactive,Cc1ccc(CSc2nc3nc(C)cc(O)n3n2)cc1,286.36,2.739040000000001,1.0,6.0,26000.0,4.585026652029182
323,323,CHEMBL2178513,intermediate_active,Cc1cc(O)n2nc(SCc3cccc(Cl)c3)nc2n1,306.778,3.0840200000000006,1.0,6.0,5600.0,5.251811972993799
324,324,CHEMBL1599552,inactive,Cc1cc(O)n2nc(SCc3ccccc3Cl)nc2n1,306.7780000000001,3.0840200000000006,1.0,6.0,28000.0,4.552841968657781
325,325,CHEMBL1704856,active,Cc1cc(O)n2nc(SCc3ccc(Cl)cc3)nc2n1,306.778,3.0840200000000015,1.0,6.0,1000.0,6.0
326,326,CHEMBL973,inactive,C/C(O)=C(\C#N)C(=O)Nc1ccc(C(F)(F)F)cc1,270.21,2.99948,2.0,3.0,190546.07,3.720000004094201
327,327,CHEMBL141195,inactive,N#C/C(C(=O)Nc1ccc(C#N)cc1)=C(/O)C1CC1,253.26099999999997,2.2424600000000003,2.0,4.0,707945.78,3.150000002689481
328,328,CHEMBL141732,inactive,N#C/C(C(=O)Nc1ccc(C(F)(F)F)cc1)=C(/O)C1CC1,296.24800000000005,3.3895800000000014,2.0,3.0,1071519.31,2.9699999980697673
329,329,CHEMBL344556,inactive,N#C/C(C(=O)Nc1ccc([N+](=O)[O-])cc1)=C(/O)C1CC1,273.24800000000005,2.2789800000000007,2.0,5.0,537031.8,3.2699999970646445
330,330,CHEMBL141040,inactive,Cc1ccc(NC(=O)/C(C#N)=C(\O)C2CC2)cc1,242.278,2.6792000000000007,2.0,3.0,870963.59,3.0599999999781002
331,331,CHEMBL199574,inactive,O=C(Nc1ccccc1C(=O)O)c1ccc2cc(Br)ccc2c1,370.202,4.552800000000002,2.0,2.0,141253.75,3.8500000137195762
332,332,CHEMBL372561,inactive,CN(C(=O)c1ccc2cc(Br)ccc2c1)c1ccccc1C(=O)O,384.2290000000001,4.577100000000003,1.0,2.0,93325.43,4.030000000370884
333,333,CHEMBL370865,inactive,O=C(Nc1ccccc1C(=O)O)c1ccc(-c2ccccc2)cc1,317.344,4.304100000000002,2.0,2.0,154881.66,3.8100000053031366
334,334,CHEMBL199572,inactive,CN(C(=O)c1ccc(-c2ccccc2)cc1)c1ccccc1C(=O)O,331.3710000000001,4.328400000000004,1.0,2.0,42657.95,4.3700000191416315
335,335,CHEMBL2234192,active,O=C(Nc1ccc(Cl)cc1)Nc1cccc2cccnc12,297.74500000000006,4.532200000000002,2.0,2.0,549.54,6.260000690598032
336,336,CHEMBL2234191,active,COc1ccccc1NC(=O)Nc1cccc2ccccc12,292.338,4.492400000000003,2.0,2.0,251.19,6.599997654072044
337,337,CHEMBL1331783,active,O=C(Nc1ccccc1C(F)(F)F)Nc1cccc2ccccc12,330.309,5.502600000000003,2.0,1.0,199.53,6.699991797446187
338,338,CHEMBL2234190,active,Cc1cccc(NC(=O)c2cccc([N+](=O)[O-])c2C)c1,270.288,3.463940000000002,1.0,3.0,302.0,6.519993057042849
339,339,CHEMBL2234189,active,Cc1c(C(=O)Nc2ccc(Cl)c(Cl)c2)cccc1[N+](=O)[O-],325.15100000000007,4.462320000000003,1.0,3.0,251.19,6.599997654072044
340,340,CHEMBL2234188,active,Cc1c(C(=O)Nc2cccc3ccccc23)cccc1[N+](=O)[O-],306.3210000000001,4.308720000000003,1.0,3.0,100.0,7.0
341,341,CHEMBL2234187,active,Cc1c(C(=O)Nc2ccc(F)c(F)c2)cccc1[N+](=O)[O-],292.241,3.433720000000002,1.0,3.0,151.36,6.819988880942282
342,342,CHEMBL217893,active,Cc1c(C(=O)Nc2cc(Cl)cc(Cl)c2)cccc1[N+](=O)[O-],325.15100000000007,4.462320000000003,1.0,3.0,151.36,6.819988880942282
343,343,CHEMBL2234186,active,Cc1c(C(=O)Nc2ccc(F)c(Cl)c2)cccc1[N+](=O)[O-],308.696,3.9480200000000023,1.0,3.0,100.0,7.0
344,344,CHEMBL2234185,active,Cc1c(C(=O)Nc2cccc(Br)c2)cccc1[N+](=O)[O-],335.15700000000004,3.918020000000002,1.0,3.0,100.0,7.0
345,345,CHEMBL2234184,active,O=C(Nc1ccccc1F)c1ccc2ccccc2c1,265.287,4.231200000000002,1.0,1.0,251.19,6.599997654072044
346,346,CHEMBL2234183,active,Cc1ccc(NC(=O)c2ccc3ccccc3c2)c(Cl)c1,295.769,5.053920000000002,1.0,1.0,151.36,6.819988880942282
347,347,CHEMBL2234182,active,O=C(Nc1ccc(Cl)cc1Cl)c1ccc2ccccc2c1,316.187,5.398900000000003,1.0,1.0,100.0,7.0
348,348,CHEMBL475813,active,Cc1cc(Nc2ccc3ccccc3c2)n2ncnc2n1,275.31500000000005,3.3295200000000014,1.0,5.0,31.0,7.508638306165727
349,349,CHEMBL2431502,active,CCOC(=O)C1=C(Nc2ccc(C(F)(F)F)cc2)OCC1=O,315.24700000000007,2.4913000000000007,1.0,5.0,142.0,6.847711655616943
350,350,CHEMBL2431501,active,CCOC(=O)C1=C(Nc2ccc(S(F)(F)(F)(F)F)cc2)OCC1=O,373.2990000000001,4.129900000000002,1.0,5.0,168.0,6.774690718274137
351,351,CHEMBL2431500,active,CCOC(=O)C1=C(Nc2ccc3c(c2)CCC3)OCC1=O,287.31500000000005,1.9612,1.0,5.0,65.0,7.187086643357144
352,352,CHEMBL2431499,active,CCOC(=O)C1=C(Nc2ccc3c(c2)CCCC3)OCC1=O,301.34200000000004,2.3513,1.0,5.0,18.0,7.7447274948966935
353,353,CHEMBL2431498,active,CCOC(=O)C1=C(Nc2cnc3ccccc3c2)OCC1=O,298.2980000000001,2.0206999999999997,1.0,6.0,79.0,7.102372908709558
354,354,CHEMBL2431497,active,CCOC(=O)C1=C(Nc2ccc(C)c(C)c2)OCC1=O,275.30400000000003,2.08934,1.0,5.0,698.0,6.156144577376839
355,355,CHEMBL2431496,active,CCOC(=O)C1=C(Nc2ccc3ccccc3c2)OCC1=O,297.3100000000001,2.625700000000001,1.0,5.0,6.0,8.221848749616356
356,356,CHEMBL2431495,inactive,O=C1CSC(Nc2ccc3ccccc3c2)=C1C(=O)NCC1CC1,338.43200000000013,3.3054000000000014,2.0,4.0,50000.0,4.301029995663981
357,357,CHEMBL2431494,inactive,O=C1CSC(Nc2ccc3ccccc3c2)=C1C(=O)NC1CC1,324.4050000000001,3.0578000000000003,2.0,4.0,13210.0,4.879097182385473
358,358,CHEMBL2431493,inactive,CCCCNC(=O)C1=C(Nc2ccc3ccccc3c2)SCC1=O,340.4480000000001,3.695500000000002,2.0,4.0,50000.0,4.301029995663981
359,359,CHEMBL2431492,inactive,CCCNC(=O)C1=C(Nc2ccc3ccccc3c2)SCC1=O,326.4210000000001,3.3054000000000014,2.0,4.0,50000.0,4.301029995663981
360,360,CHEMBL2431491,inactive,CCNC(=O)C1=C(Nc2ccc3ccccc3c2)SCC1=O,312.3940000000001,2.915300000000001,2.0,4.0,12061.0,4.9186166825377144
361,361,CHEMBL2431490,inactive,CCCCOC(=O)C1=C(Nc2ccc3ccccc3c2)SCC1=O,341.4320000000001,4.122500000000002,1.0,5.0,35572.0,4.448891716356374
362,362,CHEMBL2431489,active,CCCOC(=O)C1=C(Nc2ccc3ccccc3c2)SCC1=O,327.4050000000001,3.732400000000002,1.0,5.0,951.0,6.021819483062586
363,363,CHEMBL2431488,active,COC(=O)C1=C(Nc2ccc3ccccc3c2)SCC1=O,299.3510000000001,2.9522000000000013,1.0,5.0,33.0,7.481486060122112
364,364,CHEMBL2431487,intermediate_active,Cc1ccc(NC2=C(C(=O)NCC3CC3)C(=O)CS2)cc1C,316.426,2.7690400000000013,2.0,4.0,3662.0,5.4362816600343224
365,365,CHEMBL2431486,inactive,Cc1ccc(NC2=C(C(=O)NC3CC3)C(=O)CS2)cc1C,302.399,2.521440000000001,2.0,4.0,19114.0,4.718648418327263
366,366,CHEMBL2431485,intermediate_active,CCCCNC(=O)C1=C(Nc2ccc(C)c(C)c2)SCC1=O,318.44200000000006,3.1591400000000016,2.0,4.0,5733.0,5.241618058225325
367,367,CHEMBL2431484,intermediate_active,CCCNC(=O)C1=C(Nc2ccc(C)c(C)c2)SCC1=O,304.4150000000001,2.7690400000000013,2.0,4.0,4633.0,5.334137699796845
368,368,CHEMBL2431483,inactive,CCNC(=O)C1=C(Nc2ccc(C)c(C)c2)SCC1=O,290.3880000000001,2.37894,2.0,4.0,39450.0,4.403952992454561
369,369,CHEMBL2431482,inactive,Cc1ccc(NC2=C(C(N)=O)C(=O)CS2)cc1C,262.334,1.7281399999999998,2.0,4.0,50000.0,4.301029995663981
370,370,CHEMBL2431481,intermediate_active,Cc1ccc(NC2=C(C(=O)OCC3CC3)C(=O)CS2)cc1C,317.40999999999997,3.1960400000000018,1.0,5.0,4159.0,5.3810110796350665
371,371,CHEMBL2431480,intermediate_active,CCCCOC(=O)C1=C(Nc2ccc(C)c(C)c2)SCC1=O,319.42600000000004,3.586140000000002,1.0,5.0,2350.0,5.628932137728264
372,372,CHEMBL2431523,intermediate_active,CCCOC(=O)C1=C(Nc2ccc(C)c(C)c2)SCC1=O,305.39900000000006,3.1960400000000018,1.0,5.0,4032.0,5.394479476562531
373,373,CHEMBL2431522,intermediate_active,COC(=O)C1=C(Nc2ccc(C)c(C)c2)SCC1=O,277.345,2.41584,1.0,5.0,1486.0,5.827981190575444
374,374,CHEMBL2431521,intermediate_active,O=C(O)C1=C(Nc2ccc3ccccc3c2)SCC1=O,285.32400000000007,2.8638000000000012,2.0,4.0,1238.0,5.907279355315901
375,375,CHEMBL2431520,inactive,Cc1ccc(NC2=C(C(=O)O)C(=O)CS2)cc1C,263.318,2.32744,2.0,4.0,50000.0,4.301029995663981
376,376,CHEMBL2431519,inactive,Cc1ccc(NC2=CC(=O)CS2)cc1C,219.309,2.8726400000000014,1.0,3.0,11441.0,4.941536014397749
377,377,CHEMBL2431518,active,CCOC(=O)C1=C(Nc2ccc3c(c2)c2ccccc2n3CC)SCC1=O,380.4690000000002,4.316900000000003,1.0,6.0,392.0,6.406713932979542
378,378,CHEMBL2431517,active,CCOC(=O)C1=C(Nc2ccc3cc4ccccc4cc3c2)SCC1=O,363.43800000000016,4.4955000000000025,1.0,5.0,197.0,6.705533773838407
379,379,CHEMBL2431516,active,CCOC(=O)C1=C(Nc2ccc3c(c2)CCC3)SCC1=O,303.38300000000004,2.6778000000000004,1.0,5.0,851.0,6.070070439915412
380,380,CHEMBL2431515,active,CCOC(=O)C1=C(Nc2ccc3ccccc3c2)SCC1=O,313.3780000000001,3.3423000000000016,1.0,5.0,20.0,7.698970004336019
381,381,CHEMBL2431514,active,CCOC(=O)C1=C(Nc2cnc3ccccc3c2)SCC1=O,314.3660000000001,2.737300000000001,1.0,6.0,351.0,6.454692883534176
382,382,CHEMBL2431513,active,CCOC(=O)C1=C(Nc2ccc3c(c2)CCCC3)SCC1=O,317.41,3.0679000000000016,1.0,5.0,92.0,7.036212172654444
383,383,CHEMBL2431512,inactive,CCOC(=O)C1=C(Nc2ccc(Br)cc2C)SCC1=O,356.24100000000016,3.2600200000000017,1.0,5.0,50000.0,4.301029995663981
384,384,CHEMBL2431511,active,CCOC(=O)C1=C(Nc2ccc(C)c(F)c2)SCC1=O,295.3350000000001,2.6366200000000006,1.0,5.0,536.0,6.27083521030723
385,385,CHEMBL2431510,active,CCOC(=O)C1=C(Nc2ccc(C)c(C)c2)SCC1=O,291.37200000000007,2.8059400000000014,1.0,5.0,256.0,6.59176003468815
386,386,CHEMBL2431509,intermediate_active,CCOC(=O)C1=C(Nc2cc(Cl)cc(Cl)c2)SCC1=O,332.2080000000001,3.4959000000000016,1.0,5.0,1188.0,5.925183559354825
387,387,CHEMBL2431508,inactive,CCOC(=O)C1=C(Nc2cccc(C(F)(F)F)c2)SCC1=O,331.31500000000005,3.2079000000000013,1.0,5.0,50000.0,4.301029995663981
388,388,CHEMBL2431507,intermediate_active,CCOC(=O)C1=C(Nc2ccc(Br)c(C(F)(F)F)c2)SCC1=O,410.21100000000007,3.9704000000000015,1.0,5.0,1615.0,5.791827473332878
389,389,CHEMBL2431506,active,CCOC(=O)C1=C(Nc2ccc(Cl)c(C(F)(F)F)c2)SCC1=O,365.7600000000001,3.8613000000000017,1.0,5.0,751.0,6.124360062995832
390,390,CHEMBL2431505,active,CCOC(=O)C1=C(Nc2ccc(C(C)(C)C)cc2)SCC1=O,319.4260000000001,3.486600000000003,1.0,5.0,227.0,6.6439741428068775
391,391,CHEMBL2431504,active,CCOC(=O)C1=C(Nc2ccc(S(F)(F)(F)(F)F)cc2)SCC1=O,389.3670000000001,4.846500000000002,1.0,5.0,559.0,6.252588192113577
392,392,CHEMBL2431503,active,CCOC(=O)C1=C(Nc2ccc(C(F)(F)F)cc2)SCC1=O,331.31500000000005,3.2079000000000013,1.0,5.0,367.0,6.43533393574791
393,393,CHEMBL1334527,inactive,CCOC(=O)C1=C(Nc2ccccc2)SCC1=O,263.31800000000004,2.1891,1.0,5.0,50000.0,4.301029995663981
394,394,CHEMBL1732938,intermediate_active,CCOC(=O)C1=C(Nc2ccc(Cl)cc2)SCC1=O,297.7630000000001,2.842500000000001,1.0,5.0,1113.0,5.953504835665291
395,395,CHEMBL3218512,inactive,O=C(NCC(c1ccccc1)c1ccccc1)c1ccccc1O,317.38800000000003,3.9541000000000035,2.0,2.0,21200.0,4.673664139071248
396,396,CHEMBL3218515,inactive,O=C(NCC(c1ccccc1)c1ccccc1)c1cccc(Cl)c1O,351.8330000000001,4.6075000000000035,2.0,2.0,44100.0,4.355561410532162
397,397,CHEMBL3218516,inactive,O=C(NCC(c1ccccc1)c1ccccc1)c1ccc(Cl)cc1O,351.8330000000001,4.6075000000000035,2.0,2.0,10300.0,4.987162775294828
398,398,CHEMBL3218517,intermediate_active,O=C(NCC(c1ccccc1)c1ccccc1)c1cc(Cl)ccc1O,351.8330000000001,4.6075000000000035,2.0,2.0,9100.0,5.040958607678906
399,399,CHEMBL3218518,intermediate_active,O=C(NCC(c1ccccc1)c1ccccc1)c1cc(Cl)cc(Cl)c1O,386.27800000000013,5.260900000000003,2.0,2.0,7000.0,5.154901959985743
400,400,CHEMBL3218519,inactive,O=C(NCC(c1ccccc1)c1ccccc1)c1cc(Br)ccc1O,396.28400000000005,4.716600000000004,2.0,2.0,10800.0,4.966576244513051
401,401,CHEMBL3217764,inactive,O=C(NCC(c1ccccc1)c1ccccc1)c1cccc(F)c1O,335.37800000000004,4.093200000000003,2.0,2.0,26100.0,4.583359492661719
402,402,CHEMBL3218520,intermediate_active,O=C(NCC(c1ccccc1)c1ccccc1)c1ccc(F)c(F)c1O,353.36800000000005,4.232300000000003,2.0,2.0,9900.0,5.00436480540245
403,403,CHEMBL3218521,inactive,O=C(NCC(c1ccccc1)c1ccccc1)c1c(O)cccc1F,335.37800000000004,4.093200000000003,2.0,2.0,125000.0,3.9030899869919438
404,404,CHEMBL3218522,inactive,Cc1ccc(O)c(C(=O)NCC(c2ccccc2)c2ccccc2)c1,331.415,4.262520000000003,2.0,2.0,14400.0,4.841637507904751
405,405,CHEMBL3218523,inactive,COc1cccc(C(=O)NCC(c2ccccc2)c2ccccc2)c1O,347.41400000000004,3.962700000000003,2.0,3.0,500000.0,3.3010299956639813
406,406,CHEMBL3218524,inactive,COc1ccc(C(=O)NCC(c2ccccc2)c2ccccc2)c(O)c1,347.41400000000004,3.9627000000000026,2.0,3.0,14000.0,4.853871964321762
407,407,CHEMBL3218525,inactive,COc1ccc(O)c(C(=O)NCC(c2ccccc2)c2ccccc2)c1,347.41400000000004,3.9627000000000026,2.0,3.0,18100.0,4.7423214251308154
408,408,CHEMBL3218526,inactive,COc1cccc(O)c1C(=O)NCC(c1ccccc1)c1ccccc1,347.41400000000004,3.9627000000000026,2.0,3.0,125000.0,3.9030899869919438
409,409,CHEMBL3218527,inactive,O=C(NCC(c1ccccc1)c1ccccc1)c1cccc(CO)c1O,347.4140000000001,3.4464000000000032,3.0,3.0,100000.0,4.0
410,410,CHEMBL3218528,inactive,O=C(NCC(c1ccccc1)c1ccccc1)c1ccc(CO)cc1O,347.4140000000001,3.446400000000003,3.0,3.0,46200.0,4.335358024443875
411,411,CHEMBL3218529,intermediate_active,O=C(NCC(c1ccccc1)c1ccccc1)c1cc(CO)ccc1O,347.4140000000001,3.446400000000003,3.0,3.0,8000.0,5.096910013008056
412,412,CHEMBL3218530,inactive,O=Cc1ccc(C(=O)NCC(c2ccccc2)c2ccccc2)c(O)c1,345.398,3.766600000000002,2.0,3.0,16500.0,4.782516055786093
413,413,CHEMBL3289671,active,Cc1cc(Nc2cc(F)c(C(F)(F)F)c(F)c2)n2nc(C(C)(F)F)nc2n1,393.266,4.585020000000002,1.0,5.0,20.0,7.698970004336019
414,414,CHEMBL3289672,active,Cc1cc(Nc2cc(F)c(C(F)(F)F)c(F)c2)n2nc(C(F)(F)F)nc2n1,397.229,4.492120000000001,1.0,5.0,22.0,7.657577319177793
415,415,CHEMBL1956290,active,Cc1cc(Nc2ccc(C(F)(F)F)cc2)n2nc(C(F)(F)F)nc2n1,361.24899999999997,4.213920000000002,1.0,5.0,35.0,7.455931955649724
416,416,CHEMBL3289670,active,Cc1cc(Nc2ccc(C(F)(F)F)c(F)c2)n2nc(C(C)(F)F)nc2n1,375.276,4.445920000000002,1.0,5.0,35.0,7.455931955649724
417,417,CHEMBL1738786,active,Cc1cc(Nc2ccc(C(F)(F)F)cc2)n2nc(C(C)(F)F)nc2n1,357.286,4.306820000000002,1.0,5.0,46.0,7.337242168318426
418,418,CHEMBL492529,active,Cc1cc(Nc2ccc(C(F)(F)F)cc2)n2ncnc2n1,293.252,3.195120000000001,1.0,5.0,270.0,6.568636235841013
419,419,CHEMBL973,intermediate_active,C/C(O)=C(\C#N)C(=O)Nc1ccc(C(F)(F)F)cc1,270.21,2.99948,2.0,3.0,3900.0,5.4089353929735005
420,420,CHEMBL2178108,active,CC(=O)c1sc(Nc2ccc(C)c(Cl)c2)nc1C,280.78000000000003,4.359540000000002,1.0,4.0,630.0,6.200659450546418
421,421,CHEMBL1235108,inactive,CC(=O)c1sc(Nc2ccccc2)nc1C,232.30800000000002,3.3977200000000005,1.0,4.0,10000.0,5.0
422,422,CHEMBL3410570,inactive,CC(=O)c1sc(Nc2ccc(Br)cc2)nc1C,311.20400000000006,4.160220000000002,1.0,4.0,10000.0,5.0
423,423,CHEMBL3410571,inactive,CC(=O)c1sc(Nc2ccc(C(C)(C)C)cc2)nc1C,288.41600000000005,4.6952200000000035,1.0,4.0,10000.0,5.0
424,424,CHEMBL3410572,intermediate_active,CC(=O)c1sc(Nc2ccc(C)c(C)c2)nc1C,260.362,4.014560000000003,1.0,4.0,1489.0,5.827105302247824
425,425,CHEMBL3410573,inactive,CC(=O)c1sc(Nc2ccc(C)c(F)c2)nc1C,264.325,3.845240000000002,1.0,4.0,10000.0,5.0
426,426,CHEMBL3410574,intermediate_active,CC(=O)c1sc(Nc2ccc(Cl)c(C(F)(F)F)c2)nc1C,334.75000000000006,5.0699200000000015,1.0,4.0,4265.0,5.370080964496458
427,427,CHEMBL3410575,inactive,CC(=O)c1sc(Nc2ccc(Br)c(C(F)(F)F)c2)nc1C,379.2010000000001,5.179020000000001,1.0,4.0,10000.0,5.0
428,428,CHEMBL3410576,active,CC(=O)c1sc(Nc2ccc3ccccc3c2)nc1C,282.36800000000005,4.550920000000002,1.0,4.0,871.0,6.059981844992337
429,429,CHEMBL3410577,inactive,CC(=O)c1sc(Nc2ccc3cc4ccccc4cc3c2)nc1C,332.4280000000001,5.704120000000003,1.0,4.0,10000.0,5.0
430,430,CHEMBL1460972,intermediate_active,CCOC(=O)c1sc(Nc2ccc(Br)cc2)nc1C,341.2300000000001,4.134320000000002,1.0,5.0,2452.0,5.610479534153622
431,431,CHEMBL3410578,inactive,CCOC(=O)c1sc(Nc2ccc(C)c(C)c2)nc1C,290.38800000000003,3.988660000000003,1.0,5.0,10000.0,5.0
432,432,CHEMBL3410579,inactive,CCOC(=O)c1sc(Nc2ccc(C)c(F)c2)nc1C,294.35100000000006,3.819340000000002,1.0,5.0,10000.0,5.0
433,433,CHEMBL3410580,inactive,CCOC(=O)c1sc(Nc2ccc(C)c(Cl)c2)nc1C,310.8060000000001,4.333640000000003,1.0,5.0,10000.0,5.0
434,434,CHEMBL3410581,inactive,CCOC(=O)c1sc(Nc2ccc3ccccc3c2)nc1C,312.3940000000001,4.525020000000003,1.0,5.0,10000.0,5.0
435,435,CHEMBL3410582,inactive,CCOC(=O)c1sc(Nc2ccc(C)c(C)c2)nc1N,291.37600000000003,3.2624400000000007,2.0,6.0,10000.0,5.0
436,436,CHEMBL3410583,inactive,CCOC(=O)c1sc(Nc2ccc(Cl)c(C(F)(F)F)c2)nc1N,365.76400000000007,4.317800000000002,2.0,6.0,10000.0,5.0
437,437,CHEMBL3410584,inactive,CCOC(=O)c1sc(Nc2ccc(C)c(C)c2)nc1NC(=O)C1CC1,359.45100000000014,4.028740000000003,2.0,6.0,10000.0,5.0
438,438,CHEMBL3410585,inactive,CCOC(=O)c1sc(Nc2ccc(Cl)c(C(F)(F)F)c2)nc1NC(=O)C1CC1,433.83900000000017,5.084100000000002,2.0,6.0,10000.0,5.0
439,439,CHEMBL3410586,inactive,CCOC(=O)c1sc(Nc2ccc(C)c(C)c2)nc1NC(=O)c1ccccc1,395.4840000000001,4.932540000000004,2.0,6.0,10000.0,5.0
440,440,CHEMBL3410587,inactive,CCOC(=O)c1sc(Nc2ccc(Cl)c(C(F)(F)F)c2)nc1NC(=O)c1ccccc1,469.8720000000001,5.987900000000003,2.0,6.0,10000.0,5.0
441,441,CHEMBL3410588,inactive,CCOC(=O)c1sc(Nc2ccc(C)c(C)c2)nc1C1CC1,316.4260000000001,4.557640000000004,1.0,5.0,10000.0,5.0
442,442,CHEMBL3410589,inactive,CCOC(=O)c1sc(Nc2ccc(C)c(F)c2)nc1C1CC1,320.3890000000001,4.388320000000003,1.0,5.0,10000.0,5.0
443,443,CHEMBL3410590,inactive,CCOC(=O)c1sc(Nc2ccc(C)c(Cl)c2)nc1C1CC1,336.84400000000016,4.902620000000003,1.0,5.0,10000.0,5.0
444,444,CHEMBL3410591,inactive,CCOC(=O)c1sc(Nc2ccc(C)c(C)c2)nc1C(C)(C)C,332.4690000000001,4.977740000000004,1.0,5.0,10000.0,5.0
445,445,CHEMBL3410592,inactive,CCOC(=O)c1sc(Nc2ccc(C)c(F)c2)nc1C(C)(C)C,336.43200000000013,4.8084200000000035,1.0,5.0,10000.0,5.0
446,446,CHEMBL3410593,inactive,CCOC(=O)c1sc(Nc2ccc(C)c(Cl)c2)nc1C(C)(C)C,352.88700000000017,5.322720000000004,1.0,5.0,10000.0,5.0
447,447,CHEMBL3410594,inactive,CCOC(=O)c1sc(Nc2ccc(C)c(C)c2)nc1-c1ccccc1,352.45900000000006,5.347240000000005,1.0,5.0,10000.0,5.0
448,448,CHEMBL3410595,inactive,CCOC(=O)c1sc(Nc2ccc(C)c(F)c2)nc1-c1ccccc1,356.4220000000001,5.177920000000004,1.0,5.0,10000.0,5.0
449,449,CHEMBL3410596,inactive,CCOC(=O)c1sc(Nc2ccc(C)c(Cl)c2)nc1-c1ccccc1,372.8770000000001,5.692220000000004,1.0,5.0,10000.0,5.0
450,450,CHEMBL3410597,inactive,CCOC(=O)c1sc(Nc2ccccc2)nc1-c1ccccc1,324.4050000000001,4.730400000000003,1.0,5.0,10000.0,5.0
451,451,CHEMBL3410598,inactive,CCOC(=O)c1sc(Nc2ccc(OC)cc2)nc1-c1ccccc1,354.4310000000001,4.739000000000003,1.0,6.0,10000.0,5.0
452,452,CHEMBL3410599,inactive,CCOC(=O)c1sc(Nc2ccc(Cl)cc2)nc1-c1ccccc1,358.8500000000001,5.383800000000004,1.0,5.0,10000.0,5.0
453,453,CHEMBL3410600,inactive,CCOC(=O)c1sc(Nc2ccc(C(F)(F)F)cc2)nc1-c1ccccc1,392.4020000000001,5.749200000000004,1.0,5.0,10000.0,5.0
454,454,CHEMBL3410601,inactive,CCOC(=O)c1sc(Nc2ccc(C(C)(C)C)cc2)nc1-c1ccccc1,380.5130000000001,6.027900000000005,1.0,5.0,10000.0,5.0
455,455,CHEMBL3410602,inactive,CCOC(=O)c1sc(Nc2ccc(Cl)c(C(F)(F)F)c2)nc1-c1ccccc1,426.8470000000001,6.402600000000004,1.0,5.0,10000.0,5.0
456,456,CHEMBL3410603,inactive,CCOC(=O)c1sc(Nc2ccc(Br)c(C(F)(F)F)c2)nc1-c1ccccc1,471.2980000000001,6.511700000000004,1.0,5.0,10000.0,5.0
457,457,CHEMBL3410604,inactive,CCOC(=O)c1sc(Nc2ccc(Cl)c(Cl)c2)nc1-c1ccccc1,393.29500000000013,6.037200000000004,1.0,5.0,10000.0,5.0
458,458,CHEMBL3410605,inactive,CCOC(=O)c1sc(Nc2cc(Cl)cc(Cl)c2)nc1-c1ccccc1,393.29500000000013,6.037200000000004,1.0,5.0,10000.0,5.0
459,459,CHEMBL3410606,inactive,CCOC(=O)c1sc(Nc2ccc(Br)cc2C)nc1-c1ccccc1,417.32800000000015,5.801320000000004,1.0,5.0,10000.0,5.0
460,460,CHEMBL3410607,inactive,CCOC(=O)c1sc(Nc2ccc3c(c2)CCC3)nc1-c1ccccc1,364.4700000000001,5.2191000000000045,1.0,5.0,10000.0,5.0
461,461,CHEMBL3410608,inactive,CCOC(=O)c1sc(Nc2ccc3c(c2)OCO3)nc1-c1ccccc1,368.4140000000001,4.459100000000003,1.0,7.0,10000.0,5.0
462,462,CHEMBL3410609,inactive,CCOC(=O)c1sc(Nc2ccc3c(c2)CCCC3)nc1-c1ccccc1,378.4970000000001,5.609200000000005,1.0,5.0,10000.0,5.0
463,463,CHEMBL3410610,inactive,CCOC(=O)c1sc(Nc2ccc3ccccc3c2)nc1-c1ccccc1,374.46500000000015,5.883600000000004,1.0,5.0,10000.0,5.0
464,464,CHEMBL3410611,inactive,CCOC(=O)c1sc(Nc2ccc3cc4ccccc4cc3c2)nc1-c1ccccc1,424.52500000000015,7.036800000000006,1.0,5.0,10000.0,5.0
465,465,CHEMBL3410612,inactive,CCOC(=O)c1sc(Nc2ccc(-c3ccccc3)cc2)nc1-c1ccccc1,400.5030000000001,6.3974000000000055,1.0,5.0,10000.0,5.0
466,466,CHEMBL3410613,inactive,CCOC(=O)c1sc(Nc2ccc(-c3cccc(OC)c3)cc2)nc1-c1ccccc1,430.52900000000017,6.406000000000006,1.0,6.0,10000.0,5.0
467,467,CHEMBL3410614,inactive,CCOC(=O)c1sc(Nc2ccc(-c3ccccc3)cc2F)nc1-c1ccccc1,418.4930000000001,6.536500000000005,1.0,5.0,10000.0,5.0
468,468,CHEMBL3410615,inactive,CCOC(=O)c1sc(Nc2ccc(-c3cccc(OC)c3)cc2F)nc1-c1ccccc1,448.5190000000002,6.545100000000005,1.0,6.0,10000.0,5.0
469,469,CHEMBL3410616,inactive,CCOC(=O)c1sc(Nc2c(F)cc(-c3cccc(OC)c3)cc2F)nc1-c1ccccc1,466.5090000000002,6.684200000000005,1.0,6.0,10000.0,5.0
470,470,CHEMBL3410617,inactive,CCOC(=O)c1sc(Nc2ccc(Oc3ccccc3)c(Cl)c2)nc1-c1ccccc1,450.9470000000002,7.176100000000005,1.0,6.0,10000.0,5.0
471,471,CHEMBL3410618,inactive,CCOC(=O)c1sc(Nc2ccc(OCc3ccccc3)c(Cl)c2)nc1-c1ccccc1,464.9740000000001,6.962800000000005,1.0,6.0,10000.0,5.0
472,472,CHEMBL3410619,inactive,CCOC(=O)c1sc(Nc2ccc(OCc3c(F)cccc3Cl)c(Cl)c2)nc1-c1ccccc1,517.4090000000002,7.7553000000000045,1.0,6.0,10000.0,5.0
473,473,CHEMBL475813,active,Cc1cc(Nc2ccc3ccccc3c2)n2ncnc2n1,275.31500000000005,3.3295200000000014,1.0,5.0,25.0,7.6020599913279625
474,474,CHEMBL2012823,active,CC(C)NC(=O)c1ccc(-n2cnc3ccccc32)s1,285.372,3.225200000000002,1.0,4.0,684.0,6.164943898279883
475,475,CHEMBL3690108,inactive,CCCNC(=O)c1ccc(-n2cccn2)s1,235.312,2.0736,1.0,4.0,250000.0,3.6020599913279625
476,476,CHEMBL2012940,inactive,O=C(NC1CC1)c1ccc(-n2c(=O)[nH]c3ccccc32)s1,299.355,2.2725,2.0,4.0,30000.0,4.522878745280337
477,477,CHEMBL3694239,active,Cc1nc2cc3c(cc2n1-c1ccc(C(=O)NC2CC2)s1)OCO3,341.3920000000001,3.0163200000000003,1.0,6.0,116.0,6.935542010773082
478,478,CHEMBL2012956,active,Cc1nc2cc(Cl)ccc2n1-c1ccc(C(=O)NC2CC2)s1,331.82800000000003,3.9410200000000026,1.0,4.0,58.0,7.236572006437063
479,479,CHEMBL3694251,active,Cc1ccccc1/C=C/c1cc(O)c2ccccc2n1,261.324,4.419220000000003,1.0,2.0,930.0,6.031517051446065
480,480,CHEMBL3690150,inactive,Cc1nc2ccccc2n1-c1cscc1C(=O)NC1CC1,297.38300000000004,3.2876200000000013,1.0,4.0,30000.0,4.522878745280337
481,481,CHEMBL3694250,active,Fc1cc(I)ccc1Nc1ccnc2cc(Cl)ccc12,398.60600000000005,5.3755000000000015,1.0,2.0,580.0,6.236572006437063
482,482,CHEMBL3690117,inactive,CCCNC(=O)c1ccc(N2Cc3cccc(OC)c3Oc3ncccc32)s1,395.4840000000001,4.735500000000004,1.0,6.0,30000.0,4.522878745280337
483,483,CHEMBL3690144,intermediate_active,Cc1nc2cnccc2n1-c1ccc(C(=O)NC2CC2)s1,298.371,2.682620000000001,1.0,5.0,3084.0,5.510885630621081
484,484,CHEMBL2012828,inactive,CN(C)C(=O)c1ccc(-n2cnc3ccccc32)s1,271.34499999999997,2.788800000000001,0.0,4.0,30000.0,4.522878745280337
485,485,CHEMBL3694233,inactive,c1ccc2oc(-c3ccc(-c4nc5ccccc5o4)s3)nc2c1,318.357,5.364500000000003,0.0,5.0,30000.0,4.522878745280337
486,486,CHEMBL3694247,active,Cc1nc2ccc(-c3ccccc3)cc2n1-c1ccc(C(=O)NC2CC2)s1,373.48100000000017,4.954620000000003,1.0,4.0,89.0,7.050609993355087
487,487,CHEMBL3690114,intermediate_active,CCCNC(=O)c1ccc(N2CCOc3ccc(Cl)cc32)s1,336.844,4.071800000000003,1.0,4.0,7500.0,5.1249387366083
488,488,CHEMBL3690140,active,CCc1nc2cc(F)ccc2n1-c1ccc(C(=O)NC2CC2)s1,329.4000000000001,3.6807000000000016,1.0,4.0,67.0,7.173925197299173
489,489,CHEMBL3694237,inactive,CCCC/C(=N/OC)c1ccc(-n2cnc3ccccc32)s1,313.42600000000004,4.6277000000000035,0.0,5.0,30000.0,4.522878745280337
490,490,CHEMBL3690146,intermediate_active,Cc1nc2ncccc2n1-c1ccc(C(=O)NC2CC2)s1,298.371,2.682620000000001,1.0,5.0,4766.0,5.321845961989562
491,491,CHEMBL3690145,intermediate_active,Cc1nc2cccnc2n1-c1ccc(C(=O)NC2CC2)s1,298.371,2.682620000000001,1.0,5.0,1118.0,5.951558196449596
492,492,CHEMBL2012819,inactive,NC(=O)c1ccc(-n2cnc3ccccc32)s1,243.291,2.1859,1.0,4.0,30000.0,4.522878745280337
493,493,CHEMBL3690112,inactive,CCCNC(=O)c1ccc(N2CC(C)Sc3ccccc32)s1,332.494,4.520200000000004,1.0,4.0,19100.0,4.718966632752273
494,494,CHEMBL3690116,inactive,CCCNC(=O)c1ccc(N2CCSc3ncccc32)s1,319.455,3.5267000000000017,1.0,5.0,13800.0,4.860120913598763
495,495,CHEMBL3690109,inactive,CCCNC(=O)c1ccc(N2CCN(C)CC2)s1,267.3979999999999,1.6397,1.0,4.0,250000.0,3.6020599913279625
496,496,CHEMBL2012831,active,CCCc1nc2ccccc2n1-c1ccc(C(=O)NC2CC2)s1,325.43700000000007,3.931700000000003,1.0,4.0,180.0,6.7447274948966935
497,497,CHEMBL3694246,active,Cc1nc2cc(-c3ccccc3)ccc2n1-c1ccc(C(=O)NC2CC2)s1,373.48100000000017,4.954620000000003,1.0,4.0,178.0,6.749579997691106
498,498,CHEMBL3694234,inactive,CCCCC(=O)c1ccc(-n2cnc3ccccc32)s1,284.384,4.459900000000003,0.0,4.0,30000.0,4.522878745280337
499,499,CHEMBL3694236,inactive,CCCCC(N=O)c1ccc(-n2cnc3ccccc32)s1,299.39900000000006,5.084700000000002,0.0,5.0,30000.0,4.522878745280337
500,500,CHEMBL3690133,active,CCNC(=O)c1ccc(-n2cnc3cc(Cl)ccc32)s1,305.79,3.4901000000000018,1.0,4.0,56.0,7.251811972993799
501,501,CHEMBL3690107,inactive,CCCNC(=O)c1ccc(N2CCCCC2)s1,252.38299999999992,2.8782000000000014,1.0,3.0,30000.0,4.522878745280337
502,502,CHEMBL3690126,inactive,CC[C@@H](C)NC(=O)c1ccc(-n2cnc3ccccc32)s1,299.39900000000006,3.615300000000002,1.0,4.0,30000.0,4.522878745280337
503,503,CHEMBL3694254,active,O=C(NC1CC1)c1ccc(N2CCSc3ccccc32)s1,316.451,3.8841000000000028,1.0,4.0,250.0,6.6020599913279625
504,504,CHEMBL3694242,active,Cc1nc2cc3ccccc3cc2n1-c1ccc(C(=O)NC2CC2)s1,347.44300000000004,4.440820000000003,1.0,4.0,35.0,7.455931955649724
505,505,CHEMBL3690123,active,COc1ccc2c(c1)nc(C)n2-c1ccc(C(=O)NC2CC2)s1,327.4090000000001,3.2962200000000017,1.0,5.0,212.0,6.673664139071248
506,506,CHEMBL3690107,inactive,CCCNC(=O)c1ccc(N2CCCCC2)s1,252.38299999999992,2.8782000000000014,1.0,3.0,230000.0,3.638272163982407
507,507,CHEMBL3694238,inactive,CCCC/C(=N\OC)c1ccc(-n2cnc3ccccc32)s1,313.42600000000004,4.6277000000000035,0.0,5.0,30000.0,4.522878745280337
508,508,CHEMBL3690135,active,CCCc1nc2ccccc2n1-c1ccc(C(=O)NCC)s1,313.42600000000004,3.789200000000003,1.0,4.0,334.0,6.476253533188435
509,509,CHEMBL3690152,inactive,Cn1c(-c2ccc(C(=O)NC3CC3)s2)nc2ccccc21,297.383,3.1940000000000017,1.0,4.0,30000.0,4.522878745280337
510,510,CHEMBL3694236,inactive,CCCCC(N=O)c1ccc(-n2cnc3ccccc32)s1,299.39900000000006,5.084700000000002,0.0,5.0,30000.0,4.522878745280337
511,511,CHEMBL3690151,intermediate_active,Cc1nc2ccccc2n1-c1cc(C(=O)NC2CC2)cs1,297.3829999999999,3.2876200000000013,1.0,4.0,1700.0,5.769551078621726
512,512,CHEMBL3690111,active,CCCNC(=O)c1ccc(-n2c(C)nc3ccccc32)s1,299.399,3.5352200000000016,1.0,4.0,170.0,6.769551078621726
513,513,CHEMBL3694252,active,CCCCCC1CCCc2c1nc1ccccc1c2O,269.388,4.940600000000005,1.0,2.0,340.0,6.468521082957745
514,514,CHEMBL3690154,inactive,c1ccc2[nH]c(-c3ccc(-c4nc5ccccc5[nH]4)s3)nc2c1,316.389,4.8347000000000016,2.0,3.0,30000.0,4.522878745280337
515,515,CHEMBL2012943,active,Cc1cccc2c1nc(C)n2-c1ccc(C(=O)NC2CC2)s1,311.4100000000001,3.596040000000002,1.0,4.0,42.0,7.376750709602099
516,516,CHEMBL3690138,active,CCNC(=O)c1ccc(-n2c(C)nc3cc(C)ccc32)s1,299.399,3.453540000000002,1.0,4.0,112.0,6.950781977329818
517,517,CHEMBL3690111,active,CCCNC(=O)c1ccc(-n2c(C)nc3ccccc32)s1,299.399,3.5352200000000016,1.0,4.0,172.0,6.764471553092451
518,518,CHEMBL3694245,active,Cc1nc(-c2ccc(Cl)cc2)cn1-c1ccc(C(=O)NC2CC2)s1,357.8660000000001,4.454820000000003,1.0,4.0,252.0,6.598599459218456
519,519,CHEMBL3690153,inactive,O=C(NC1CC1)c1ccc(-c2nc3ccccc3o2)s1,284.34,3.448500000000002,1.0,4.0,30000.0,4.522878745280337
520,520,CHEMBL3694249,inactive,O=C(NC1CC1)c1ccc(-n2ncc3ccccc32)s1,283.356,2.9792000000000014,1.0,4.0,30000.0,4.522878745280337
521,521,CHEMBL3690122,inactive,CC[C@H](C)NC(=O)c1ccc(-n2cnc3ccccc32)s1,299.39900000000006,3.615300000000002,1.0,4.0,17900.0,4.747146969020107
522,522,CHEMBL3690137,active,CCNC(=O)c1ccc(-n2cnc3cc(C)ccc32)s1,285.37199999999996,3.145120000000002,1.0,4.0,75.0,7.1249387366083
523,523,CHEMBL3690109,inactive,CCCNC(=O)c1ccc(N2CCN(C)CC2)s1,267.3979999999999,1.6397,1.0,4.0,30000.0,4.522878745280337
524,524,CHEMBL3690148,active,CCNC(=O)c1ccc(-n2cc(-c3ccccc3)nc2C)s1,311.41,3.658920000000003,1.0,4.0,416.0,6.380906669373258
525,525,CHEMBL2012830,active,CCc1nc2ccccc2n1-c1ccc(C(=O)NC2CC2)s1,311.4100000000001,3.5416000000000025,1.0,4.0,113.0,6.94692155651658
526,526,CHEMBL3690108,inactive,CCCNC(=O)c1ccc(-n2cccn2)s1,235.312,2.0736,1.0,4.0,30000.0,4.522878745280337
527,527,CHEMBL2012826,inactive,CCCCNC(=O)c1ccc(-n2cnc3ccccc32)s1,299.399,3.616900000000002,1.0,4.0,28600.0,4.543633966870957
528,528,CHEMBL3690147,active,Cc1nc(-c2ccccc2)cn1-c1ccc(C(=O)NC2CC2)s1,323.42100000000005,3.801420000000002,1.0,4.0,220.0,6.657577319177793
529,529,CHEMBL3690132,active,O=C(NC1CC1)c1ccc(-n2cnc3cc(Cl)ccc32)s1,317.80100000000004,3.632600000000002,1.0,4.0,166.0,6.779891911959945
530,530,CHEMBL3694248,inactive,O=C(NC1CC1)c1ccc(-n2nnc3ccccc32)s1,284.344,2.374200000000001,1.0,5.0,28000.0,4.552841968657781
531,531,CHEMBL3690125,inactive,O=C(c1ccc(-n2cnc3ccccc32)s1)N1CCC1,283.3560000000001,2.932900000000001,0.0,4.0,16500.0,4.782516055786093
532,532,CHEMBL3690141,active,CCNC(=O)c1ccc(-n2cnc3cc(F)ccc32)s1,289.335,2.9758000000000013,1.0,4.0,105.0,6.978810700930062
533,533,CHEMBL600689,active,CCOC(=O)c1[nH]c(C)c(Cc2ccc(OCC)cc2)c1C,301.386,3.797740000000003,1.0,3.0,83.0,7.080921907623926
534,534,CHEMBL3690131,active,CCNC(=O)c1ccc(-n2c(C)nc3cc(F)ccc32)s1,303.36199999999997,3.2842200000000012,1.0,4.0,164.0,6.785156151952302
535,535,CHEMBL3690136,active,Cc1ccc2c(c1)ncn2-c1ccc(C(=O)NC2CC2)s1,297.38300000000004,3.2876200000000013,1.0,4.0,38.0,7.42021640338319
536,536,CHEMBL3694253,active,CCCNC(=O)c1ccc(-n2c(C)cc3ccccc32)s1,298.411,4.140220000000003,1.0,3.0,70.0,7.154901959985743
537,537,CHEMBL3690134,active,CCCNC(=O)c1ccc(-n2cnc3cc(Cl)ccc32)s1,319.817,3.880200000000002,1.0,4.0,324.0,6.489454989793388
538,538,CHEMBL2012821,active,CCNC(=O)c1ccc(-n2cnc3ccccc32)s1,271.34499999999997,2.8367000000000013,1.0,4.0,145.0,6.838631997765025
539,539,CHEMBL2012948,active,Cc1nc2cc(C(F)(F)F)ccc2n1-c1ccc(C(=O)NC2CC2)s1,365.3800000000001,4.306420000000002,1.0,4.0,41.0,7.3872161432802645
540,540,CHEMBL3690121,inactive,O=C(c1ccc(-n2cnc3ccccc32)s1)N1CCCCC1,311.4100000000002,3.7131000000000025,0.0,4.0,30000.0,4.522878745280337
541,541,CHEMBL3690124,active,Cc1nc2cc(F)ccc2n1-c1ccc(C(=O)NC2CC2)s1,315.37300000000005,3.4267200000000013,1.0,4.0,88.0,7.055517327849832
542,542,CHEMBL3690104,active,CCCNC(=S)c1ccc(-n2ccc3ccccc32)s1,300.45200000000006,4.367100000000002,1.0,3.0,459.0,6.338187314462739
543,543,CHEMBL3690142,active,CCNC(=O)c1ccc(-n2c(CC)nc3cc(F)ccc32)s1,317.38899999999995,3.5382000000000025,1.0,4.0,178.0,6.749579997691106
544,544,CHEMBL3694253,active,CCCNC(=O)c1ccc(-n2c(C)cc3ccccc32)s1,298.411,4.140220000000003,1.0,3.0,42.0,7.376750709602099
545,545,CHEMBL3694253,active,CCCNC(=O)c1ccc(-n2c(C)cc3ccccc32)s1,298.411,4.140220000000003,1.0,3.0,64.0,7.1938200260161125
546,546,CHEMBL2012956,active,Cc1nc2cc(Cl)ccc2n1-c1ccc(C(=O)NC2CC2)s1,331.82800000000003,3.9410200000000026,1.0,4.0,40.0,7.3979400086720375
547,547,CHEMBL3690139,active,CCNC(=O)c1ccc(-n2c(CC)nc3ccccc32)s1,299.399,3.3991000000000025,1.0,4.0,137.0,6.863279432843593
548,548,CHEMBL3690105,inactive,CCCNC(=O)c1ccc(N2CCOCC2)s1,254.35499999999993,1.7245000000000001,1.0,4.0,250000.0,3.6020599913279625
549,549,CHEMBL3690120,active,CCNC(=O)c1ccc(-n2c(C)nc3ccccc32)s1,285.37199999999996,3.145120000000002,1.0,4.0,191.0,6.718966632752273
550,550,CHEMBL2012947,active,Cc1nc2ccc(OC(F)(F)F)cc2n1-c1ccc(C(=O)NC2CC2)s1,381.3790000000001,4.186220000000002,1.0,5.0,36.0,7.443697499232712
551,551,CHEMBL3694243,active,Cc1nc2cc(OC(C)C)ccc2n1-c1ccc(C(=O)NC2CC2)s1,355.4630000000001,4.074820000000003,1.0,5.0,121.0,6.91721462968355
552,552,CHEMBL3694241,inactive,CCNC(=O)c1cccc(-n2c(C)nc3cc(F)ccc32)c1,297.33299999999997,3.2227200000000016,1.0,3.0,30000.0,4.522878745280337
553,553,CHEMBL3690110,inactive,CCCNC(=O)c1ccc(-n2ccnc2)s1,235.312,2.0736,1.0,4.0,165000.0,3.7825160557860937
554,554,CHEMBL3694240,intermediate_active,CCNC(=O)c1ccc(-n2c(C)nc3cc(F)ccc32)cc1,297.33299999999997,3.2227200000000016,1.0,3.0,2870.0,5.542118103266008
555,555,CHEMBL3690104,active,CCCNC(=S)c1ccc(-n2ccc3ccccc32)s1,300.45200000000006,4.367100000000002,1.0,3.0,460.0,6.337242168318426
556,556,CHEMBL2012944,active,Cc1ccc2c(c1)nc(C)n2-c1ccc(C(=O)NC2CC2)s1,311.4100000000001,3.596040000000002,1.0,4.0,56.0,7.251811972993799
557,557,CHEMBL2012829,active,Cc1nc2ccccc2n1-c1ccc(C(=O)NC2CC2)s1,297.383,3.2876200000000013,1.0,4.0,99.0,7.00436480540245
558,558,CHEMBL3690124,active,Cc1nc2cc(F)ccc2n1-c1ccc(C(=O)NC2CC2)s1,315.37300000000005,3.4267200000000013,1.0,4.0,104.0,6.982966660701219
559,559,CHEMBL3690115,inactive,CCCNC(=O)c1ccc(N2CCc3ccccc32)s1,286.4,3.5821000000000023,1.0,3.0,30000.0,4.522878745280337
560,560,CHEMBL3690143,active,O=C(NC1CC1)c1ccc(-n2cnc3cc(F)ccc32)s1,301.346,3.1183000000000014,1.0,4.0,58.0,7.236572006437063
561,561,CHEMBL2012825,active,O=C(NC1CCC1)c1ccc(-n2cnc3ccccc32)s1,297.38300000000004,3.3693000000000026,1.0,4.0,418.0,6.3788237182249645
562,562,CHEMBL3690106,inactive,CCCNC(=O)c1ccc(N2CCCC2)s1,238.35599999999994,2.4881,1.0,3.0,250000.0,3.6020599913279625
563,563,CHEMBL3690127,inactive,CCCN(C)C(=O)c1ccc(-n2cnc3ccccc32)s1,299.399,3.5690000000000026,0.0,4.0,30000.0,4.522878745280337
564,564,CHEMBL3690113,intermediate_active,CCCNC(=O)c1ccc(N2CCSc3ccccc32)s1,318.467,4.131700000000003,1.0,4.0,9200.0,5.036212172654444
565,565,CHEMBL3694232,inactive,Cn1c(-c2ccc(-c3nc4ccccc4n3C)s2)nc2ccccc21,344.44300000000004,4.855500000000004,0.0,5.0,30000.0,4.522878745280337
566,566,CHEMBL3694235,inactive,CCCCC(O)c1ccc(-n2cnc3ccccc32)s1,286.4,4.310600000000003,1.0,4.0,30000.0,4.522878745280337
567,567,CHEMBL2012820,intermediate_active,CNC(=O)c1ccc(-n2cnc3ccccc32)s1,257.318,2.4466,1.0,4.0,1076.0,5.96818772866963
568,568,CHEMBL2012822,active,CCCNC(=O)c1ccc(-n2cnc3ccccc32)s1,285.372,3.2268000000000017,1.0,4.0,703.0,6.153044674980176
569,569,CHEMBL2012822,active,CCCNC(=O)c1ccc(-n2cnc3ccccc32)s1,285.372,3.2268000000000017,1.0,4.0,700.0,6.154901959985743
570,570,CHEMBL3690130,active,CCNC(=O)c1ccc(-n2c(C)nc3cc(Cl)ccc32)s1,319.817,3.7985200000000026,1.0,4.0,94.0,7.026872146400302
571,571,CHEMBL1234899,active,Cc1nc2cc(OC(F)(F)F)ccc2n1-c1ccc(C(=O)NC2CC2)s1,381.37900000000013,4.186220000000002,1.0,5.0,64.0,7.1938200260161125
572,572,CHEMBL2012827,intermediate_active,O=C(NC1CCCC1)c1ccc(-n2cnc3ccccc32)s1,311.4100000000001,3.759400000000003,1.0,4.0,2506.0,5.6010189333418685
573,573,CHEMBL2012824,active,O=C(NC1CC1)c1ccc(-n2cnc3ccccc32)s1,283.356,2.9792000000000014,1.0,4.0,56.0,7.251811972993799
574,574,CHEMBL3690128,active,CCCNC(=O)c1ccc(-n2c(C)nc3cc(F)ccc32)s1,317.389,3.6743200000000025,1.0,4.0,499.0,6.30189945437661
575,575,CHEMBL3690149,active,Cc1nc(-c2ccc(F)cc2)cn1-c1ccc(C(=O)NC2CC2)s1,341.41100000000006,3.940520000000002,1.0,4.0,240.0,6.619788758288394
576,576,CHEMBL3694244,active,Cc1nc2cc(F)c(F)cc2n1-c1ccc(C(=O)NC2CC2)s1,333.36300000000006,3.5658200000000013,1.0,4.0,105.0,6.978810700930062
577,577,CHEMBL3690118,inactive,O=C(c1ccc(-n2cnc3ccccc32)s1)N1CCCC1,297.38300000000015,3.323000000000002,0.0,4.0,30000.0,4.522878745280337
578,578,CHEMBL2012829,active,Cc1nc2ccccc2n1-c1ccc(C(=O)NC2CC2)s1,297.383,3.2876200000000013,1.0,4.0,74.0,7.130768280269024
579,579,CHEMBL3690119,inactive,O=C(NCCO)c1ccc(-n2cnc3ccccc32)s1,287.344,1.8090999999999997,2.0,5.0,14000.0,4.853871964321762
580,580,CHEMBL3690129,active,CCCNC(=O)c1ccc(-n2c(C)nc3cc(Cl)ccc32)s1,333.844,4.188620000000003,1.0,4.0,239.0,6.621602099051862
581,581,CHEMBL475813,active,Cc1cc(Nc2ccc3ccccc3c2)n2ncnc2n1,275.31500000000005,3.3295200000000014,1.0,5.0,47.0,7.327902142064283
582,582,CHEMBL3818535,active,Cc1cc(=O)n2nc(SCc3ccc(Cl)cc3)nc2[nH]1,306.778,2.6717200000000005,1.0,5.0,1000.0,6.0
583,583,CHEMBL475813,active,Cc1cc(Nc2ccc3ccccc3c2)n2ncnc2n1,275.31500000000005,3.3295200000000014,1.0,5.0,65.0,7.187086643357144
584,584,CHEMBL4464362,inactive,O=C(NCC(c1ccccc1)c1ccccc1)c1nonc1O,309.32500000000005,2.337100000000001,2.0,5.0,75000.0,4.1249387366083
585,585,CHEMBL4517934,inactive,O=C(NCC(c1ccccc1)c1ccccc1)c1nsnc1O,325.39300000000003,2.8056000000000014,2.0,5.0,12000.0,4.920818753952375
586,586,CHEMBL4436588,inactive,O=C(NCc1ccccc1)c1nsnc1O,235.268,1.1737,2.0,5.0,35000.0,4.455931955649724
587,587,CHEMBL4437588,inactive,Cn1cc(C(=O)NCC(c2ccccc2)c2ccccc2)c(O)n1,321.38000000000005,2.687600000000001,2.0,4.0,250000.0,3.6020599913279625
588,588,CHEMBL4526067,inactive,Cc1c(C(=O)NCC(c2ccccc2)c2ccccc2)c(O)nn1C,335.4070000000001,2.9960200000000015,2.0,4.0,250000.0,3.6020599913279625
589,589,CHEMBL4457827,inactive,Cn1nc(O)c(C(=O)O)c1COc1ccccc1,248.238,1.4029,2.0,5.0,19000.0,4.721246399047171
590,590,CHEMBL4514989,inactive,Cn1nc(O)c(C(=O)O)c1CNc1ccccc1,247.25400000000002,1.4359999999999997,3.0,5.0,16000.0,4.795880017344075
591,591,CHEMBL4451149,inactive,CN(Cc1c(C(=O)O)c(O)nn1C)c1ccccc1,261.281,1.4602999999999997,2.0,5.0,23000.0,4.638272163982407
592,592,CHEMBL4514633,inactive,Cn1nc(O)c(C(=O)O)c1CSc1ccccc1,264.306,2.1162,2.0,5.0,25000.0,4.6020599913279625
593,593,CHEMBL4458056,intermediate_active,Cn1nc(O)c(C(=O)O)c1COc1cccc(C(F)(F)F)c1,316.23499999999996,2.4217000000000004,2.0,5.0,2800.0,5.552841968657781
594,594,CHEMBL4539458,intermediate_active,Cn1nc(O)c(C(=O)O)c1COc1ccc(C(F)(F)F)cc1,316.23499999999996,2.4217000000000004,2.0,5.0,5300.0,5.275724130399211
595,595,CHEMBL4440085,inactive,CCOC(=O)c1c(O)nn(C)c1COc1ccccc1,276.292,1.8814,1.0,6.0,250000.0,3.6020599913279625
596,596,CHEMBL4544292,inactive,CCOc1nn(C)c(COc2ccccc2)c1C(=O)O,276.29200000000003,2.096,1.0,5.0,250000.0,3.6020599913279625
597,597,CHEMBL4569109,inactive,Cn1nc(OCC2CC2)c(C(=O)O)c1COc1ccccc1,302.33,2.4861000000000004,1.0,5.0,250000.0,3.6020599913279625
598,598,CHEMBL4568957,inactive,Cn1nc(OCc2ccccc2)c(C(=O)O)c1COc1ccccc1,338.36300000000006,3.2763000000000018,1.0,5.0,250000.0,3.6020599913279625
599,599,CHEMBL4449622,inactive,Cn1nc(O)c(C(N)=O)c1COc1ccccc1,247.254,0.8035999999999996,2.0,5.0,250000.0,3.6020599913279625
600,600,CHEMBL1956285,active,Cc1cc(Nc2ccc(S(F)(F)(F)(F)F)cc2)n2nc(C(C)(F)F)nc2n1,415.338,5.945420000000002,1.0,5.0,10.0,8.0
601,601,CHEMBL4545127,active,Cc1cc(Nc2ccc(S(F)(F)(F)(F)F)c(F)c2)n2nc(C(C)(F)F)nc2n1,433.32800000000003,6.084520000000002,1.0,5.0,10.0,8.0
